numero_dpe,date_etablissement_dpe,id_rnb,adresse_ban,code_postal_ban,nom_commune_ban,code_departement_ban,type_batiment,periode_construction,annee_construction,surface_habitable_logement,etiquette_dpe,etiquette_ges,conso_5_usages_par_m2_ep,rnb_status,rnb_lon,rnb_lat,rnb_insee_code,rnb_n_addresses
2633E1525812O,2026-06-08,5FTNS85BTCH3,13 Avenue du Maréchal Foch 33560 Carbon-Blanc,33560,Carbon-Blanc,33,appartement,1978-1982,1978,53.1,D,B,243.8,constructed,-0.504388330388186,44.90290463979253,33096,1
2633E1526124O,2026-06-08,N92KHEFYQFZ3,17 Rue Gustave Courbet 33160 Saint-Médard-en-Jalles,33160,Saint-Médard-en-Jalles,33,maison,1948-1974,,145,C,A,159,constructed,-0.698391345578054,44.87746022061013,33449,1
2633E1530280K,2026-06-08,ADGGD8EJW8B3,9 Rue Joan Miro 33270 Floirac,33270,Floirac,33,maison,2006-2012,,101.5,C,C,129,constructed,-0.536755440801423,44.836333090706326,33167,1
2633E1530259P,2026-06-08,QWXTRCGM9ZRQ,36 Rue Bavard 33200 Bordeaux,33200,Bordeaux,33,maison,1948-1974,,112,C,C,123,constructed,-0.625883739428714,44.86389029818859,33063,1
2633E1533724W,2026-06-08,FXGY2E485XZS,12 Rue Minvielle 33000 Bordeaux,33000,Bordeaux,33,appartement,avant 1948,,98.5,B,A,87,constructed,-0.571578118698281,44.853177801744295,33063,1
2633E1526534I,2026-06-08,FPFR7ZA1WH8F,2 Allée du Bois du Château 33290 Parempuyre,33290,Parempuyre,33,maison,1978-1982,,158.3,D,B,241,constructed,-0.60638233580476,44.94361971942945,33312,1
2633E1535535N,2026-06-08,KXYP8886SZWQ,37bis Chemin de Hourcade 33140 Villenave-d'Ornon,33140,Villenave-d'Ornon,33,maison,1989-2000,,150,C,C,99,constructed,-0.54437031434402,44.78370279833673,33550,1
2633E1536550O,2026-06-08,9KR381HPEBKZ,5 Allée Serr 33100 Bordeaux,33100,Bordeaux,33,appartement,2013-2021,,90,C,C,76,constructed,-0.561083847889394,44.84114471645718,33063,2
2633E1536847Z,2026-06-08,G7EDFT5QVE8C,71d Rue de la Fontaine 33240 Saint-André-de-Cubzac,33240,Saint-André-de-Cubzac,33,maison,2001-2005,,80.5,C,B,165,constructed,-0.434522817481798,44.99972072847263,33366,2
2633E1526333P,2026-06-08,2TYDGPFRV7CW,15A Allée du Moulin a Vent 33320 Eysines,33320,Eysines,33,appartement,1989-2000,,45.4,D,B,195,constructed,-0.645940941254305,44.884925990666616,33162,2
2633E1534357F,2026-06-08,3N2KQB5V8NA8,96 Avenue du Stade 33350 Saint-Magne-de-Castillon,33350,Saint-Magne-de-Castillon,33,maison,avant 1948,,186.8,C,A,126,constructed,-0.081056578977453,44.84328970870014,33437,1
2633E1525748C,2026-06-08,234BMSA7Y3Y1,17 Rue Fontaine d'Arlac 33700 Mérignac,33700,Mérignac,33,appartement,1983-1988,,46.3,D,B,233,constructed,-0.624869441901242,44.82692877002623,33281,1
2633E1529099Z,2026-06-08,F99WWPHRWHNE,123 Cours de la Marne 33800 Bordeaux,33800,Bordeaux,33,appartement,avant 1948,,34.1,C,A,163,constructed,-0.565682070885964,44.82916459889262,33063,1
2633E1525870U,2026-06-08,N9KZJESV34AG,14 Chemin de Cassiot 33610 Canéjan,33610,Canéjan,33,maison,1948-1974,,190.3,D,D,184,constructed,-0.653276500595132,44.75998029830825,33090,1
2633E1538907F,2026-06-08,2ZKS8TQTF83Q,21 Rue du port de La Feuillade 33126 Fronsac,33126,Fronsac,33,appartement,avant 1948,,82,C,A,148,constructed,-0.248057194153972,44.917343628940365,33174,3
2633E1528437N,2026-06-08,G857PX1HRV1K,10 Rue de la Colonne 33520 Bruges,33520,Bruges,33,immeuble,1948-1974,,,E,E,273,constructed,-0.614138987565156,44.87252476605539,33075,1
2633E1531002E,2026-06-08,8PHGW1HA2T3F,5 Rue Louis Jouvet 33320 Eysines,33320,Eysines,33,maison,2006-2012,,166.5,C,B,154,constructed,-0.638371151834935,44.88183373625619,33162,1
2633E1529659N,2026-06-08,WWVXEF35R7JT,19 Rue des Graves 33140 Cadaujac,33140,Cadaujac,33,maison,1989-2000,1989,131.1,D,B,181,constructed,-0.543679193904375,44.74933716588674,33080,1
2633E1532524S,2026-06-08,QE1C584KRDW5,61 Rue de Laseppe 33000 Bordeaux,33000,Bordeaux,33,immeuble,1975-1977,,,E,C,303,constructed,-0.584509840271928,44.85336912102977,33063,1
2633E1533807B,2026-06-08,CEB3HKDFEWAV,32 Rue Elie Faure 33240 Saint-André-de-Cubzac,33240,Saint-André-de-Cubzac,33,maison,1989-2000,1999,67.6,D,B,198,constructed,-0.433790019302808,44.99986718359679,33366,3
2633E1529540Y,2026-06-08,JGBFSDJ3MWHN,Rue du Tauzin 33000 Bordeaux,33000,Bordeaux,33,appartement,1989-2000,,50.2,C,A,151,constructed,-0.601310836594526,44.82140132853476,33063,1
2633E1530316U,2026-06-08,QE1C584KRDW5,61 Rue de Laseppe 33000 Bordeaux,33000,Bordeaux,33,appartement,1978-1982,,22.8,C,B,186,constructed,-0.584509840271928,44.85336912102977,33063,1
2633E1531478M,2026-06-08,EFPZD1TCJEYQ,16 Rue Charles Gounod 33320 Eysines,33320,Eysines,33,maison,1948-1974,,119.8,D,D,152,constructed,-0.640797836659807,44.866337914398514,33162,1
2633E1531498G,2026-06-08,4ZJT43R8QFSR,58 Rue Peyronnet 33800 Bordeaux,33800,Bordeaux,33,appartement,avant 1948,,13.2,C,A,220,constructed,-0.560503583774859,44.828347751578036,33063,1
2633E1529733J,2026-06-08,7MZGC9D3QY31,21 Allée des Cheminots 33130 Bègles,33130,Bègles,33,appartement,2013-2021,,43.5,C,C,83,constructed,-0.543100642610685,44.798777305299936,33039,2
2633E1533441Z,2026-06-08,9ENZS1T2PR98,22 Rue de Taregua 33800 Bordeaux,33800,Bordeaux,33,appartement,1978-1982,,23.7,E,B,303,constructed,-0.574021758814557,44.8137026496006,33063,1
2633E1533928S,2026-06-08,FCDWWCR5FKE8,Rue Camena d'Almeida 33000 Bordeaux,33000,Bordeaux,33,appartement,1983-1988,,47,C,A,144,constructed,-0.608355732487338,44.83172697617029,33063,3
2633E1531004G,2026-06-08,D76GX1RR9EP6,1 Côte de la Garonne 33310 Lormont,33310,Lormont,33,appartement,2013-2021,2020,45.9,A,A,54,constructed,-0.518212933213507,44.88623243410737,,0
2633E1532890U,2026-06-08,6HB8SJVYQWP9,25 Rue Frederic Chopin 33450 Saint-Loubès,33450,Saint-Loubès,33,maison,2006-2012,2011,100.8,C,B,159,constructed,-0.440171576731673,44.92303116053823,33433,1
2633E1528945B,2026-06-08,GNNBXFF6RNCH,67 Rue Jean Renaud Dandicolle 33000 Bordeaux,33000,Bordeaux,33,appartement,avant 1948,,26.4,D,B,273,constructed,-0.588942490042916,44.83172833842773,33063,1
2633E1536614A,2026-06-08,DQKY64GD43YY,12 Rue Paul Doumer 33700 Mérignac,33700,Mérignac,33,appartement,1975-1977,,20.1,E,D,331,constructed,-0.614946609232185,44.83043711972367,33281,2
2633E1537606E,2026-06-08,861YPE4TD7WP,91 Rue Notre Dame 33000 Bordeaux,33000,Bordeaux,33,appartement,avant 1948,,46,D,B,206,constructed,-0.570696353298575,44.852567584548424,33063,1
2633E1530855N,2026-06-08,8VHAP66XKCWZ,35bis Rue de Fonboudeau 33240 Saint-André-de-Cubzac,33240,Saint-André-de-Cubzac,33,appartement,avant 1948,,37.6,E,B,266,constructed,-0.440238885987428,44.99704713694677,33366,1
2633E1533662M,2026-06-08,695ATSMCSHPK,Rue du 19 Mars 1962 33400 Talence,33400,Talence,33,appartement,2013-2021,2019,41.1,C,C,94,constructed,-0.594524985695563,44.79707460425009,33522,2
2633E1529872S,2026-06-08,VQR3CTE2BN1P,1 Rue des Mésanges 33170 Gradignan,33170,Gradignan,33,maison,1948-1974,,82,B,A,102,constructed,-0.61028465994809,44.78406987175741,33192,1
2633E1530263T,2026-06-08,Q84AE6M482Q4,Rue du Docteur Sémiac 33260 La Teste-de-Buch,33260,La Teste-de-Buch,33,appartement,2006-2012,2006,63.4,D,B,247,constructed,-1.138725427697887,44.63498446242615,33529,2
2633E1537608G,2026-06-08,5DZGYWAJ471R,20 Rue Colette Besson 33140 Villenave-d'Ornon,33140,Villenave-d'Ornon,33,appartement,2013-2021,2014,39.5,C,C,89,constructed,-0.535204079142251,44.777653173128726,33550,1
2633E1536534Y,2026-06-08,ZDJTRWVCB1MH,10 Avenue Georges Lasserre 33400 Talence,33400,Talence,33,appartement,2013-2021,,28.6,C,C,107,constructed,-0.591196671837925,44.80542658039738,33522,1
2633E1537637J,2026-06-08,WN8KG7TWC1FE,17 Avenue de la Gare 33200 Bordeaux,33200,Bordeaux,33,appartement,2006-2012,2008,59.6,C,C,135,constructed,-0.629742832044404,44.845611069765795,33063,5
2633E1529943L,2026-06-08,92HDMYEKRXAF,10 Chemin du Pusquey 33240 La Lande-de-Fronsac,33240,La Lande-de-Fronsac,33,maison,avant 1948,,166,D,C,187,constructed,-0.38232628313837,44.98763592652058,33219,1
2633E1526048Q,2026-06-08,35QT2VC69CV4,32 Rue Bouche 33140 Villenave-d'Ornon,33140,Villenave-d'Ornon,33,maison,avant 1948,,49.3,E,C,307,constructed,-0.573407057984833,44.80299984321221,33550,1
2633E1531119R,2026-06-08,VSV8XW1NDGTA,35 Rue de la Gruppe 33240 Val de Virvée,33240,Val de Virvée,33,maison,avant 1948,,413.9,C,A,134,constructed,-0.416218242436479,45.01423498410424,33018,1
2633E1537417X,2026-06-08,W97K8G75E1NA,5 Chemin du Gondet 33460 Margaux-Cantenac,33460,Margaux-Cantenac,33,maison,avant 1948,,117.3,C,C,152,constructed,-0.651560291466993,45.02850963397674,33268,1
2633E1530833R,2026-06-08,JWXR2Q5GPQ68,7 Rue du Bocage 33500 Les Billaux,33500,Les Billaux,33,maison,avant 1948,,120,C,C,144,constructed,-0.238345937182793,44.95337693341449,33052,1
2633E1532360K,2026-06-08,6RFAJ9Y8N865,20 Route de Mondet 33650 Martillac,33650,Martillac,33,maison,avant 1948,,56.4,C,B,160,constructed,-0.550962617435069,44.71318589246242,33274,2
2633E1533558M,2026-06-08,FXGY2E485XZS,12 Rue Minvielle 33000 Bordeaux,33000,Bordeaux,33,appartement,avant 1948,,24.9,C,A,175,constructed,-0.571578118698281,44.853177801744295,33063,1
2633E1528118G,2026-06-08,4PTW15DZ3KRD,8 Rue du Broustey 33440 Ambarès-et-Lagrave,33440,Ambarès-et-Lagrave,33,maison,1983-1988,1986,75.6,D,B,220.7,constructed,-0.494580408802851,44.937043934511266,33003,1
2633E1526163B,2026-06-08,6YZGWRF31TY6,13 Rue de l'Eolienne 33530 Bassens,33530,Bassens,33,appartement,1989-2000,,64.3,C,B,159,constructed,-0.504479416133061,44.90760301173299,33032,2
2633E1529977T,2026-06-08,VF2BZ24ZK6EF,5 Rue Montaigne 33210 Langon,33210,Langon,33,maison,1948-1974,,80,C,C,108,constructed,-0.254675519925048,44.55002310775353,33227,1
2633E1533604G,2026-06-08,M2VYYMERVF26,8 Rue Yves du Manoir 33160 Saint-Médard-en-Jalles,33160,Saint-Médard-en-Jalles,33,maison,1948-1974,,100,D,B,180,constructed,-0.755349586369918,44.89050203030367,33449,1
2633E1536334G,2026-06-08,12Q8MR6R35P7,21 Rue Jardel 33100 Bordeaux,33100,Bordeaux,33,appartement,2006-2012,,59.1,D,D,154,constructed,-0.559824572391034,44.84203047967374,33063,13
2633E1536217T,2026-06-08,G5R7ZENG2GMM,69 Avenue Roger Chaumet 33600 Pessac,33600,Pessac,33,maison,1948-1974,,79,D,B,187,constructed,-0.639048323228634,44.798569883371684,33318,1
2633E1536287L,2026-06-08,PYTJF8DZT1J7,213 Rue Georges Bonnac 33000 Bordeaux,33000,Bordeaux,33,appartement,avant 1948,1900,28.7,E,B,284.1,constructed,-0.591809555778826,44.83814563503523,33063,1
2633E1537475D,2026-06-08,A7DX6QQM6Q3H,67 Route de Léognan 33140 Villenave-d'Ornon,33140,Villenave-d'Ornon,33,appartement,2013-2021,2015,41.1,C,C,119,constructed,-0.580365639149448,44.76676894646713,33550,2
2633E1528740E,2026-06-08,S741H3V9DZC2,Avenue Paul Lafargue 33270 Floirac,33270,Floirac,33,appartement,avant 1948,,67.5,C,C,93,constructed,-0.53076481033178,44.83097483713158,33167,1
2633E1538601L,2026-06-08,13KHZ28B8ZJT,10 Allée Cabernet 33160 Saint-Aubin-de-Médoc,33160,Saint-Aubin-de-Médoc,33,maison,2013-2021,2018,69.6,C,C,75,constructed,-0.722352127090453,44.920848562917215,33376,1
2633E1536876C,2026-06-08,KQQHPQ7Q17FB,14 Quai de Bacalan 33300 Bordeaux,33300,Bordeaux,33,appartement,1989-2000,,20.9,D,B,278,constructed,-0.560719557751898,44.85739684738071,33063,1
2633E1536070C,2026-06-08,BWP1SES72EFG,59 Rue de Brach 33000 Bordeaux,33000,Bordeaux,33,maison,avant 1948,,87,D,B,246,constructed,-0.595639090160252,44.83883639774039,33063,2
2633E1528892A,2026-06-08,DR8TNABN6B2P,9 Rue Constant 33110 Le Bouscat,33110,Le Bouscat,33,appartement,2001-2005,2005,76.7,C,C,120,constructed,-0.609737398563396,44.86313516423921,33069,1
2633E1533673X,2026-06-08,DQKY64GD43YY,12 Rue Paul Doumer 33700 Mérignac,33700,Mérignac,33,appartement,1975-1977,1975,22,E,D,301,constructed,-0.614946609232185,44.83043711972367,33281,2
2633E1531128A,2026-06-08,234BMSA7Y3Y1,17 Rue Fontaine d'Arlac 33700 Mérignac,33700,Mérignac,33,appartement,1983-1988,,31.1,C,A,150,constructed,-0.624869441901242,44.82692877002623,33281,1
2633E1526982O,2026-06-08,TQS9JMEC1SCD,16 Rue des As 33600 Pessac,33600,Pessac,33,appartement,1989-2000,1999,33.3,C,A,169,constructed,-0.660670235242912,44.81035807780655,33318,2
2633E1534312M,2026-06-08,5HMFKN1JB5E5,Avenue de Césarée 33470 Gujan-Mestras,33470,Gujan-Mestras,33,appartement,2006-2012,2010,54.1,C,A,136,constructed,-1.072560450304464,44.62349024445113,33199,1
2633E1530912S,2026-06-08,887J1RP39RE7,32 Rue Marcelin Berthelot 33200 Bordeaux,33200,Bordeaux,33,immeuble,1983-1988,1985,,C,A,141,constructed,-0.61314463907837,44.84431504586955,33063,1
2633E1536963L,2026-06-08,AZ2YV4SJ2KGR,3 Rue des Rossignols 33970 Lège-Cap-Ferret,33970,Lège-Cap-Ferret,33,appartement,1989-2000,1989,40.1,C,A,132,constructed,-1.242668547286868,44.65307118464037,33236,2
2633E1536112S,2026-06-08,DJ99AGNEWAM1,134 Avenue de la Marne 33700 Mérignac,33700,Mérignac,33,appartement,1989-2000,,51.2,C,B,171,constructed,-0.629737591999272,44.8346203284,33281,6
2633E1526351H,2026-06-08,D6XY18RH7251,Route du Bourdieu 33450 Montussan,33450,Montussan,33,appartement,2006-2012,2010,56,C,A,140,constructed,-0.425617226030054,44.88080298931153,33293,1
2633E1534225D,2026-06-08,QGJE25DVPDCN,3 Rue Gay-Lussac 33150 Cenon,33150,Cenon,33,maison,avant 1948,,135.6,C,C,130,constructed,-0.506750069624496,44.86216163694526,33119,1
2633E1536762S,2026-06-08,GGBFYX8M3E1T,30 Cité Dasvin de Boismarin 33100 Bordeaux,33100,Bordeaux,33,appartement,avant 1948,,27.9,D,B,216,constructed,-0.546012964240803,44.85081136967245,33063,1
2633E1533960Y,2026-06-08,NFNZNEBY8J2C,15 Rue Henri Rodel 33000 Bordeaux,33000,Bordeaux,33,appartement,avant 1948,,51.8,D,D,201,constructed,-0.576334036301143,44.85082597365719,33063,1
2633E1532282K,2026-06-08,MYDD5QM6G7SM,51 Rue Surson 33300 Bordeaux,33300,Bordeaux,33,appartement,avant 1948,,58.4,B,A,84,constructed,-0.562479519089873,44.85875712961929,33063,1
2633E1529189L,2026-06-08,2C1XPM2T4N6M,10 Rue de la Colonne 33520 Bruges,33520,Bruges,33,immeuble,1948-1974,,,E,D,259,constructed,-0.613218012362295,44.872510856508804,33075,1
2633E1532607X,2026-06-08,EYH6PCJ4V52T,95 Rue Ausone 33110 Le Bouscat,33110,Le Bouscat,33,appartement,2006-2012,2011,42.8,C,C,88,constructed,-0.594084684593808,44.87053174279127,33069,1
2633E1529789N,2026-06-08,VA6MD2JVNT17,1 Allée Joseph Wresinski 33130 Bègles,33130,Bègles,33,appartement,2013-2021,,43.7,C,C,85,constructed,-0.561745193000767,44.78626746617552,33039,1
2633E1533899P,2026-06-08,TGNBAPDQ2VB3,1 Avenue de la Grande Ile 33140 Villenave-d'Ornon,33140,Villenave-d'Ornon,33,appartement,2013-2021,2018,63.4,C,C,77,constructed,-0.526622503912175,44.77644109348868,33550,1
2633E1537250M,2026-06-08,GN7GFWDKF184,3 Parichon 33350 Saint-Philippe-d'Aiguilhe,33350,Saint-Philippe-d'Aiguilhe,33,maison,1983-1988,,98.6,E,C,305,constructed,-0.031589125045094,44.908651914200796,33461,1
2633E1532949B,2026-06-08,VV7Z5T5EMPKQ,10 Rue Jean Guerin 33520 Bruges,33520,Bruges,33,maison,1948-1974,1970,83,E,E,287.4,constructed,-0.615267001373243,44.87475782415941,33075,1
2633E1530986O,2026-06-08,FBMPBTX759EX,4 Rue Saint-Jean 33800 Bordeaux,33800,Bordeaux,33,immeuble,avant 1948,,,F,C,412,constructed,-0.568223128873624,44.827778096809475,33063,1
2633E1533804Y,2026-06-08,NNDVM6D92G72,21 Rue Colette Besson 33140 Villenave-d'Ornon,33140,Villenave-d'Ornon,33,appartement,2013-2021,,59.7,C,C,91,constructed,-0.53434249140552,44.7777422162399,33550,1
2633E1529009N,2026-06-08,S741H3V9DZC2,Avenue Paul Lafargue 33270 Floirac,33270,Floirac,33,appartement,avant 1948,,68.1,C,C,119,constructed,-0.53076481033178,44.83097483713158,33167,1
2633E1530638E,2026-06-08,QE1C584KRDW5,61 Rue de Laseppe 33000 Bordeaux,33000,Bordeaux,33,appartement,1978-1982,,31.6,C,B,192,constructed,-0.584509840271928,44.85336912102977,33063,1
2633E1536153H,2026-06-08,WD9ND1ZK71YT,5 Rue des Cèdres 33870 Vayres,33870,Vayres,33,maison,1948-1974,,124.6,D,D,243,constructed,-0.313595466600744,44.89329922413673,33539,1
2633E1530354G,2026-06-08,QE1C584KRDW5,61 Rue de Laseppe 33000 Bordeaux,33000,Bordeaux,33,appartement,1978-1982,,22.9,C,B,216,constructed,-0.584509840271928,44.85336912102977,33063,1
2633E1539036E,2026-06-08,5DT3MXV37442,25 Rue Vergniaud 33000 Bordeaux,33000,Bordeaux,33,appartement,avant 1948,,65,D,B,234,constructed,-0.579577026602436,44.85112430655199,33063,2
2633E1532062Y,2026-06-08,XTSMMW5Z6HPA,1 Chemin de l'Embarcadère 33410 Béguey,33410,Béguey,33,maison,avant 1948,1800,153,C,A,111.2,constructed,-0.328014021792861,44.64515559130864,33040,1
2633E1530741D,2026-06-08,9YWNBHMRN1RQ,7 Rue Fenelon 33400 Talence,33400,Talence,33,appartement,1948-1974,,96.7,C,C,106,constructed,-0.597004058653234,44.797675489855195,33522,4
2633E1535805X,2026-06-08,S99D63K2WB95,88 Rue Chevalier 33000 Bordeaux,33000,Bordeaux,33,appartement,1989-2000,,55.5,C,C,125,constructed,-0.594693800135976,44.843817136595895,33063,1
2633E1532159R,2026-06-08,M714Z3Y44PZA,31 Rue Alfred Nobel 33140 Villenave-d'Ornon,33140,Villenave-d'Ornon,33,immeuble,2006-2012,2008,,C,A,131.1,constructed,-0.582773395995467,44.769393121151865,33550,1
2633E1538808K,2026-06-08,WMQQ1X7FFFV7,35 Rue du Parc de l'Estey 33260 La Teste-de-Buch,33260,La Teste-de-Buch,33,maison,1978-1982,,85,D,D,223,constructed,-1.131522542565335,44.631858342576265,33529,1
2633E1530488K,2026-06-08,QE1C584KRDW5,61 Rue de Laseppe 33000 Bordeaux,33000,Bordeaux,33,appartement,1978-1982,,28.2,D,B,218,constructed,-0.584509840271928,44.85336912102977,33063,1
2633E1532715B,2026-06-08,CXV9T9ZJSXTC,2 Avenue du Lieutenant Princeteau 33680 Lacanau,33680,Lacanau,33,appartement,1983-1988,,26.3,C,B,194,constructed,-1.201257595464662,45.002573198263505,33214,1
2633E1538216Q,2026-06-08,AH8FBNFJHF9E,28 Rue du Port 33870 Vayres,33870,Vayres,33,maison,avant 1948,,227.4,C,C,159,constructed,-0.322953655185775,44.9089027594965,33539,1
2633E1534256I,2026-06-08,3BDSVVP37DWH,37 Rue Georges Vitrac 33310 Lormont,33310,Lormont,33,appartement,avant 1948,,43.7,C,B,171,constructed,-0.522318141651696,44.87852621330456,33249,1
2633E1537490S,2026-06-08,RT43HQYABA2F,11 Rue des Fauvettes 33138 Lanton,33138,Lanton,33,maison,1983-1988,1984,52.8,E,C,279,constructed,-1.028189500764175,44.70629114852336,33229,1
2633E1526433L,2026-06-08,1YDB3H5NTF4Y,2 Esplanade Francois Mitterrand 33500 Libourne,33500,Libourne,33,appartement,avant 1948,1848,107.9,C,A,152.1,constructed,-0.240899885185084,44.91675732395731,33243,2
2633E1529593Z,2026-06-08,58B8S3M53QD2,47ter Avenue du Bedat 33700 Mérignac,33700,Mérignac,33,immeuble,1989-2000,1990,,C,A,137,constructed,-0.645109322386082,44.84999321900716,33281,2
2633E1539048Q,2026-06-08,Q41N149GY9X6,12 Rue Ausone 33000 Bordeaux,33000,Bordeaux,33,appartement,avant 1948,,41.4,E,C,328,constructed,-0.568282055555768,44.83831814671015,33063,1
2633E1530029T,2026-06-08,QE1C584KRDW5,61 Rue de Laseppe 33000 Bordeaux,33000,Bordeaux,33,appartement,1978-1982,,22.7,D,B,261,constructed,-0.584509840271928,44.85336912102977,33063,1
2633E1529328U,2026-06-08,G857PX1HRV1K,10 Rue de la Colonne 33520 Bruges,33520,Bruges,33,immeuble,1948-1974,,,E,E,273,constructed,-0.614138987565156,44.87252476605539,33075,1
2633E1536058Q,2026-06-08,BEEGK7JMHKEX,Résidence Sarcignan 1 33140 Villenave-d'Ornon,33140,Villenave-d'Ornon,33,appartement,1948-1974,,64.1,E,C,303,constructed,-0.577501149170178,44.77656090053146,33550,1
2633E1538521J,2026-06-08,85G3NPAJPD3T,Lieu-dit Sable Rouge 33730 Préchac,33730,Préchac,33,maison,1948-1974,,90.8,E,B,257,constructed,-0.356207170629276,44.401996574175286,33336,2
2633E1528491P,2026-06-08,J9GGVX61Z1C6,1 Rue Marcel Issartier 33127 Martignas-sur-Jalle,33127,Martignas-sur-Jalle,33,appartement,2013-2021,,61,C,C,62,constructed,-0.769605029974925,44.83902784422685,33273,1
2633E1537912Y,2026-06-08,8JPZPDYX2WKF,58ter Rue de Carbon-Blanc 33440 Ambarès-et-Lagrave,33440,Ambarès-et-Lagrave,33,maison,1975-1977,1975,98.4,B,A,98.8,constructed,-0.492941793440427,44.91784591783319,33003,1
2633E1531123V,2026-06-08,QHWKHHFTGWV1,86 Rue Chevalier de la Barre 33130 Bègles,33130,Bègles,33,appartement,2006-2012,2011,58.4,C,C,101,constructed,-0.545919052965077,44.803036907000696,33039,4
2633E1528663F,2026-06-08,FS4PMKRFVHKV,55 Rue Jules Guesde 33800 Bordeaux,33800,Bordeaux,33,appartement,avant 1948,,28.9,F,C,374,constructed,-0.564262414570966,44.82926908907274,33063,1
2633E1533460S,2026-06-08,VP1CVVWA9BG9,1 Rue des Perdrix 33700 Mérignac,33700,Mérignac,33,maison,1983-1988,,102,D,B,215,constructed,-0.702556237900143,44.81379529272381,33281,1
2633E1533457P,2026-06-08,FXGY2E485XZS,12 Rue Minvielle 33000 Bordeaux,33000,Bordeaux,33,appartement,avant 1948,,101.7,B,A,76,constructed,-0.571578118698281,44.853177801744295,33063,1
2633E1534203H,2026-06-08,GSQRK98A7EDX,12 Rue Francis Garnier 33600 Pessac,33600,Pessac,33,maison,avant 1948,,87.5,G,F,463,constructed,-0.60731019789824,44.82056412335277,33318,2
2633E1532619J,2026-06-08,XWNNTHYZ3WSS,1 Rue Louis Braille 33140 Villenave-d'Ornon,33140,Villenave-d'Ornon,33,maison,1948-1974,1965,110,D,D,145,constructed,-0.551565424401139,44.76305942056253,33550,2
2633E1535108C,2026-06-08,GXY8BAY25Q4V,13 Rue Louis Denis Mallet 33130 Bègles,33130,Bègles,33,appartement,2013-2021,2015,41.8,C,C,78,constructed,-0.563304658303922,44.78487790740539,33039,1
2633E1530168C,2026-06-08,QE1C584KRDW5,61 Rue de Laseppe 33000 Bordeaux,33000,Bordeaux,33,appartement,1948-1974,,22.7,C,A,138,constructed,-0.584509840271928,44.85336912102977,33063,1
2633E1534039Z,2026-06-08,Q52F3N79CX1Q,22 Avenue du Monument Salins 33970 Lège-Cap-Ferret,33970,Lège-Cap-Ferret,33,maison,après 2021,,240,B,A,108,constructed,-1.245509461973095,44.652239821741716,33236,1
2633E1537096O,2026-06-08,SWKC7MYVTWZ6,396 Route du Rude 33720 Illats,33720,Illats,33,maison,avant 1948,,65,C,B,178,constructed,-0.366629951003969,44.59807962613715,33205,2
2633E1528069J,2026-06-08,TPETJHC6JZ5N,80 Route de Salignac 33240 Saint-André-de-Cubzac,33240,Saint-André-de-Cubzac,33,appartement,2001-2005,,43,C,A,158,constructed,-0.42844532589988,45.00205935025967,33366,1
2633E1530098K,2026-06-08,BN2Z1NP3PBE6,8 Rue Edmond Rostand 33130 Bègles,33130,Bègles,33,maison,2013-2021,2015,84.9,A,A,54.5,constructed,-0.546024970521455,44.80440541982941,33039,1
2633E1534526S,2026-06-08,4DJE19TYB7HX,4 Rue Pierre de Coubertin 33000 Bordeaux,33000,Bordeaux,33,immeuble,avant 1948,,,D,D,190,constructed,-0.571650006207823,44.83581111653433,33063,1
2633E1531413Z,2026-06-08,4ZJT43R8QFSR,58 Rue Peyronnet 33800 Bordeaux,33800,Bordeaux,33,appartement,avant 1948,,29.2,D,B,220,constructed,-0.560503583774859,44.828347751578036,33063,1
2633E1527387D,2026-06-08,KM9916SMHC6C,28 Chemin de Pagneau 33700 Mérignac,33700,Mérignac,33,appartement,2006-2012,2010,35.9,C,A,143,constructed,-0.700268866968383,44.81376845978699,33281,1
2633E1526609F,2026-06-08,M5W3B9D2KMD2,135 Avenue de la Libération Charles de Gaulle 33110 Le Bouscat,33110,Le Bouscat,33,appartement,2013-2021,2017,60,C,C,103,constructed,-0.598907408934708,44.85986477639741,33069,1
2633E1531384W,2026-06-08,58B8S3M53QD2,47ter Avenue du Bedat 33700 Mérignac,33700,Mérignac,33,appartement,1989-2000,,46.2,D,B,192,constructed,-0.645109322386082,44.84999321900716,33281,2
2633E1530325D,2026-06-08,6Z26NPBQ113A,32 Rue Clément Ader 33150 Cenon,33150,Cenon,33,appartement,2013-2021,2017,77.6,B,B,50.7,constructed,-0.50869448708457,44.856096776667414,33119,1
2633E1532370U,2026-06-08,XNBNS8WKFWGQ,4 Rue Marc Sangnier 33400 Talence,33400,Talence,33,appartement,1989-2000,1990,22.2,C,A,144,constructed,-0.601105213092805,44.808028608821985,33522,1
2633E1537143J,2026-06-08,86PTSQQ35NGF,32 Rue Lagrua 33260 La Teste-de-Buch,33260,La Teste-de-Buch,33,maison,1948-1974,,106.5,C,A,149,constructed,-1.154102710988221,44.6390880062191,33529,1
2633E1530203L,2026-06-08,SYK1DEVEE5SY,12 Le Pujeau du Large 33260 La Teste-de-Buch,33260,La Teste-de-Buch,33,maison,1948-1974,,56.4,D,B,237,constructed,-1.135920261181992,44.642320374053426,33529,1
2633E1536981D,2026-06-08,5MEXVTMQ1Y1G,10 Chemin du Granger 33240 Saint-André-de-Cubzac,33240,Saint-André-de-Cubzac,33,maison,2001-2005,,96.4,C,A,126,constructed,-0.43515267873229,45.00062108062441,33366,1
2633E1528175L,2026-06-08,G857PX1HRV1K,10 Rue de la Colonne 33520 Bruges,33520,Bruges,33,immeuble,1948-1974,,,E,D,259,constructed,-0.614138987565156,44.87252476605539,33075,1
2633E1532011Z,2026-06-08,6RFAJ9Y8N865,20 Route de Mondet 33650 Martillac,33650,Martillac,33,maison,avant 1948,,75.3,C,A,150,constructed,-0.550962617435069,44.71318589246242,33274,2
2633E1536125F,2026-06-08,A319VK6AQM85,4 Rue Jules Ferry 33470 Gujan-Mestras,33470,Gujan-Mestras,33,maison,2013-2021,2021,195,A,A,37,constructed,-1.101312231550921,44.63635977102328,33199,2
2633E1536937L,2026-06-08,7B12PFGF7JYM,30 Cours du Général de Gaulle 33170 Gradignan,33170,Gradignan,33,appartement,2006-2012,2009,58.9,C,A,157,constructed,-0.60554302446024,44.78495212487275,33192,1
2633E1536975X,2026-06-08,HYRADHNXYTDR,40 Rue du Pradinat 33700 Mérignac,33700,Mérignac,33,maison,2013-2021,,66.6,C,C,92,constructed,-0.699196250664747,44.81571514526494,33281,3
2633E1530415P,2026-06-08,QE1C584KRDW5,61 Rue de Laseppe 33000 Bordeaux,33000,Bordeaux,33,appartement,1978-1982,,22.1,C,A,159,constructed,-0.584509840271928,44.85336912102977,33063,1
2633E1523513D,2026-06-07,6PM6HAJ1FPQ3,16 Avenue du Périgord 33370 Artigues-près-Bordeaux,33370,Artigues-près-Bordeaux,33,appartement,2013-2021,,43.3,C,C,108,constructed,-0.47552140930737,44.865768468821855,33013,1
2633E1524237Z,2026-06-07,QSC359CE3R8V,112 Rue Quintin 33000 Bordeaux,33000,Bordeaux,33,appartement,1948-1974,1972,21.1,D,B,237,constructed,-0.599249107879178,44.82326417889932,33063,1
2633E1523516G,2026-06-07,CJ7PJMDNKF85,14 Allée de Guyenne 33170 Gradignan,33170,Gradignan,33,maison,1948-1974,,90.5,D,C,187,constructed,-0.604130521574027,44.77400203810784,33192,1
2633E1525000I,2026-06-07,EZY2126S7PV6,227 Rue Sainte-Catherine 33000 Bordeaux,33000,Bordeaux,33,appartement,avant 1948,,76.4,E,E,282,constructed,-0.573315259146916,44.833070332765615,33063,3
2633E1523873Z,2026-06-07,D4JF53SP7EZJ,9bis Rue Bauduc 33670 Créon,33670,Créon,33,maison,2013-2021,,86.6,A,A,69,constructed,-0.345198874963162,44.77125029702732,33140,2
2633E1525417J,2026-06-07,AZ81JWSCZJTJ,50 Rue Sadi Carnot 33140 Villenave-d'Ornon,33140,Villenave-d'Ornon,33,maison,1948-1974,,111.3,D,D,211,constructed,-0.588764895664158,44.7610801963618,33550,1
2633E1524535L,2026-06-07,EREARTSAVWYE,23 Rue du Hapchot 33185 Le Haillan,33185,Le Haillan,33,maison,1983-1988,1986,95.9,D,B,182,constructed,-0.685126270569936,44.88915276644936,33200,1
2633E1525542E,2026-06-07,FYDS3CV3K62R,157 Avenue du Périgord 33370 Yvrac,33370,Yvrac,33,maison,1978-1982,,127.2,D,D,193,constructed,-0.458159332059139,44.86501478202065,33554,2
2633E1523833L,2026-06-07,JP59YWWNSDCY,84 Lotissement Chanteloup 33550 Haux,33550,Haux,33,maison,2001-2005,,98.1,C,A,140,constructed,-0.356158223675331,44.736790133747206,33201,1
2633E1523342O,2026-06-07,KGWM49G78PBE,23 Chemin d'Eyquem 33650 La Brède,33650,La Brède,33,maison,avant 1948,,76.8,D,D,238,constructed,-0.518065341697302,44.679309565610325,33213,4
2633E1523295T,2026-06-07,YA7BG23VGVST,11 Rue Lafargue 33210 Langon,33210,Langon,33,appartement,avant 1948,,19,D,B,250,constructed,-0.246185252350424,44.55565720122512,33227,2
2633E1523928C,2026-06-07,46M4CK427HPB,1 Chemin de la Scierie 33670 Créon,33670,Créon,33,maison,2006-2012,,73.4,C,B,158,constructed,-0.348888555835725,44.77690310271234,33140,1
2633E1524066K,2026-06-07,7CANQ17X9XDZ,265 Avenue de la Libération Charles de Gaulle 33110 Le Bouscat,33110,Le Bouscat,33,appartement,2013-2021,2019,43.3,C,C,100,constructed,-0.604971685438518,44.86597638355888,33069,14
2633E1523442K,2026-06-07,BJFPRJJWV1Y6,18 Rue Monadey 33800 Bordeaux,33800,Bordeaux,33,appartement,1989-2000,1990,16.2,C,A,192,constructed,-0.571278413796825,44.82871981495263,33063,1
2633E1523369P,2026-06-07,4V9X7DF7XCW6,17D Rue des Graves 33185 Le Haillan,33185,Le Haillan,33,maison,2006-2012,,163.8,B,A,80,constructed,-0.674658482070614,44.88003552233423,33200,2
2633E1525389H,2026-06-07,XW2X97FKFFBG,34 Chemin Castaing 33650 Martillac,33650,Martillac,33,maison,avant 1948,,78.4,D,D,219,constructed,-0.540476980789379,44.73312793059285,33274,1
2633E1523436E,2026-06-07,B2BG3R47E3FR,82 Rue de la Bechade 33000 Bordeaux,33000,Bordeaux,33,appartement,1978-1982,,36.8,D,B,187,constructed,-0.598802972039511,44.824097276141046,33063,2
2633E1523688W,2026-06-07,61Q7D7E72VBQ,29 Route de Sampau 33450 Montussan,33450,Montussan,33,appartement,1948-1974,,57.9,E,C,275,constructed,-0.429191752557078,44.87181231292208,33293,1
2633E1524598W,2026-06-07,DHWXT2BXXYWD,14 Rue du Maréchal Foch 33600 Pessac,33600,Pessac,33,maison,1948-1974,,66,C,A,118,constructed,-0.653821325026263,44.80275971683387,33318,1
2633E1523648I,2026-06-07,61Q7D7E72VBQ,29 Route de Sampau 33450 Montussan,33450,Montussan,33,appartement,1948-1974,,59.7,D,B,182,constructed,-0.429191752557078,44.87181231292208,33293,1
2633E1523203F,2026-06-06,JWDBJW9CYBCG,4A Rue du Vivey 33290 Blanquefort,33290,Blanquefort,33,maison,1983-1988,,183.4,B,A,86,constructed,-0.64725930131322,44.9243943258069,33056,1
2633E1521808O,2026-06-06,4AMDTSDRGC44,13 Rue Amédée Saint-Germain 33130 Bègles,33130,Bègles,33,maison,avant 1948,,130.3,E,E,228,constructed,-0.555198581150396,44.80873061188123,33039,1
2633E1522482M,2026-06-06,Q58VB87HFBTB,4 Rue des Ayres 33000 Bordeaux,33000,Bordeaux,33,appartement,avant 1948,,56.5,F,C,416,constructed,-0.5721873867277,44.836778620120484,33063,1
2633E1521962M,2026-06-06,NYK4VMSVTH6P,24 Rue Giner de Los Rios 33800 Bordeaux,33800,Bordeaux,33,appartement,avant 1948,,64.5,D,B,215,constructed,-0.571025736666044,44.82815745076965,33063,2
2633E1522136E,2026-06-06,PEEANFYC1CFZ,78 Rue du Président Kennedy 33110 Le Bouscat,33110,Le Bouscat,33,appartement,1948-1974,1964,62.3,D,D,160.3,constructed,-0.608199781848491,44.86695299603839,33069,6
2633E1521880I,2026-06-06,6NH11YDZNGDN,9 Rue Sully Melendes 33120 Arcachon,33120,Arcachon,33,appartement,1948-1974,1961,45.9,D,D,180,constructed,-1.171494649893847,44.66078301396783,33009,1
2633E1522055B,2026-06-06,38BD5YBVCHSR,26 Rue Giner de Los Rios 33800 Bordeaux,33800,Bordeaux,33,appartement,avant 1948,,59.6,C,A,123,constructed,-0.571015068487135,44.828292072948,33063,1
2633E1522386U,2026-06-06,1DN9AFRFAQSA,17 Rue André Lesca 33260 La Teste-de-Buch,33260,La Teste-de-Buch,33,maison,1948-1974,1974,117.1,F,E,379,constructed,-1.140949480417238,44.63748474883168,33529,1
2633E1522489T,2026-06-06,38BD5YBVCHSR,26 Rue Giner de Los Rios 33800 Bordeaux,33800,Bordeaux,33,appartement,avant 1948,,56.3,E,C,302,constructed,-0.571015068487135,44.828292072948,33063,1
2633E1522281T,2026-06-06,MR3Z7ER1VPK2,11 Avenue René Cassagne 33150 Cenon,33150,Cenon,33,appartement,2006-2012,,43.9,C,C,107,constructed,-0.514790607321716,44.86246047034432,33119,1
2633E1521873B,2026-06-06,38BD5YBVCHSR,24 Rue Giner de Los Rios 33800 Bordeaux,33800,Bordeaux,33,appartement,avant 1948,,51.1,C,B,174,constructed,-0.571015068487135,44.828292072948,33063,1
2633E1521756O,2026-06-06,XD6125D8HA97,4 Chemin de l'Atelier 33160 Saint-Médard-en-Jalles,33160,Saint-Médard-en-Jalles,33,appartement,2013-2021,2020,42.9,C,C,85,constructed,-0.745369790658613,44.89720433608891,,0
2633E1523090W,2026-06-06,WD9ND1ZK71YT,5 Rue des Cèdres 33870 Vayres,33870,Vayres,33,maison,1948-1974,,129.9,D,C,229,constructed,-0.313595466600744,44.89329922413673,33539,1
2633E1522919H,2026-06-06,A8HGNKQ6SAC9,800 Route du Stade 33420 Moulon,33420,Moulon,33,maison,1948-1974,,106.4,D,D,246,constructed,-0.214801048002373,44.84110972131749,33298,2
2633E1522116K,2026-06-06,VXYH5CNNEXTN,37 Route du Brion 33210 Roaillan,33210,Roaillan,33,maison,1989-2000,,75.1,C,A,150,constructed,-0.268739496254421,44.510606894436066,33357,4
2633E1522554G,2026-06-06,EHW25WNB1HFE,78 Rue de la Croix Blanche 33000 Bordeaux,33000,Bordeaux,33,appartement,avant 1948,,84.9,D,D,195,constructed,-0.592002270312338,44.845016710867434,33063,1
2633E1521394Q,2026-06-06,QXH8CB5ZJEE8,10 Rue Coureau 33240 Saint-André-de-Cubzac,33240,Saint-André-de-Cubzac,33,appartement,avant 1948,,60.3,D,B,203,constructed,-0.448370033306919,44.993331662229686,33366,1
2633E1521937N,2026-06-06,NYK4VMSVTH6P,24 Rue Giner de Los Rios 33800 Bordeaux,33800,Bordeaux,33,appartement,avant 1948,,40.5,D,B,198,constructed,-0.571025736666044,44.82815745076965,33063,2
2633E1522691N,2026-06-06,SA87GEBQMHQ1,4 Chemin Bonnevie 33130 Bègles,33130,Bègles,33,maison,avant 1948,,404,D,D,241,constructed,-0.558160342487482,44.797246709930825,33039,1
2633E1521908K,2026-06-06,NGMH6AQW51YV,15 Lotissement le Clos de la Payssière 33270 Floirac,33270,Floirac,33,maison,2001-2005,,104,D,D,164,constructed,-0.518219071414172,44.83477876400202,33167,1
2633E1522611L,2026-06-06,NYK4VMSVTH6P,24 Rue Giner de Los Rios 33800 Bordeaux,33800,Bordeaux,33,appartement,avant 1948,,51,E,C,311,constructed,-0.571025736666044,44.82815745076965,33063,2
2633E1522390Y,2026-06-06,JP9AZZNZ7M6V,21 Chemin de Brechet 33440 Ambarès-et-Lagrave,33440,Ambarès-et-Lagrave,33,maison,2006-2012,,106.1,C,A,123,constructed,-0.504424693619486,44.95399183296021,33003,1
2633E1522501F,2026-06-06,38BD5YBVCHSR,26 Rue Giner de Los Rios 33800 Bordeaux,33800,Bordeaux,33,appartement,avant 1948,,48.3,G,C,459,constructed,-0.571015068487135,44.828292072948,33063,1
2633E1521893V,2026-06-06,38BD5YBVCHSR,26 Rue Giner de Los Rios 33800 Bordeaux,33800,Bordeaux,33,appartement,avant 1948,,56.8,E,B,266,constructed,-0.571015068487135,44.828292072948,33063,1
2633E1522802U,2026-06-06,JT1E5XKZSPHB,9 Cours de l'Intendance 33000 Bordeaux,33000,Bordeaux,33,appartement,avant 1948,,99.7,C,A,137,constructed,-0.575400488601345,44.84224447855185,33063,1
2633E1522395D,2026-06-06,JBYDSGD8ZESV,9 Allee Bourdalat 33610 Cestas,33610,Cestas,33,maison,1948-1974,,85.3,D,D,230,constructed,-0.707017678499118,44.771416072288034,33122,1
2633E1522925N,2026-06-06,EBCXCQTKC4DQ,1 Rue des Epoux Lesgourgues 33400 Talence,33400,Talence,33,appartement,1989-2000,,18.3,C,A,163,constructed,-0.590246289312004,44.81506308411528,33522,3
2633E1521780M,2026-06-06,9K9PWWHHYPC8,27 Route de Paris 33910 Saint-Denis-de-Pile,33910,Saint-Denis-de-Pile,33,appartement,avant 1948,,96.1,C,A,116,constructed,-0.204879410668866,44.99263308564168,33393,1
2633E1522655D,2026-06-06,NYK4VMSVTH6P,24 Rue Giner de Los Rios 33800 Bordeaux,33800,Bordeaux,33,appartement,1948-1974,,37.3,E,C,331,constructed,-0.571025736666044,44.82815745076965,33063,2
2633E1522077X,2026-06-06,SND9X8YDHJQK,10 Rue du Relais 33600 Pessac,33600,Pessac,33,appartement,1948-1974,,27.7,C,C,171,constructed,-0.6084184234776,44.79550259583534,33318,12
2633E1521800G,2026-06-06,A3Y5QSS9GWH1,32 Rue Charles Lamoureux 33130 Bègles,33130,Bègles,33,maison,avant 1948,,118.5,D,D,162,constructed,-0.562034499658403,44.80261299495446,33039,1
2633E1521995T,2026-06-06,NYK4VMSVTH6P,24 Rue Giner de Los Rios 33800 Bordeaux,33800,Bordeaux,33,appartement,avant 1948,,52,G,C,480,constructed,-0.571025736666044,44.82815745076965,33063,2
2633E1522079Z,2026-06-06,V1796C4K85V2,4 Sentier du Monteil 33390 Blaye,33390,Blaye,33,appartement,2006-2012,2006,52.5,C,A,129,constructed,-0.652550410164277,45.130294518212224,33058,2
2633E1522279R,2026-06-06,5Z3XM3VDZTZD,6 Rue Arthur Rubinstein 33700 Mérignac,33700,Mérignac,33,appartement,1983-1988,1983,69.4,C,A,153.6,constructed,-0.649550758330599,44.83175028473383,33281,1
2633E1522703Z,2026-06-06,DBYWDRXY8N2Q,7 Rue Jeanne Lejeune 33520 Bruges,33520,Bruges,33,maison,1983-1988,,146,D,D,188,constructed,-0.581300128899506,44.87105459503324,33075,1
2633E1522531J,2026-06-06,MDQJHHZ13YX3,94 Rue de la Bechade 33000 Bordeaux,33000,Bordeaux,33,appartement,1989-2000,,28.5,C,A,173,constructed,-0.599501435754045,44.82391804374525,33063,2
2633E1520443B,2026-06-05,5N3ME9BVPM9X,768 Rue du Sabla 33210 Coimères,33210,Coimères,33,maison,2013-2021,2020,135,A,A,37,constructed,-0.209992772570456,44.50225963193279,,0
2633E1519397V,2026-06-05,YBAMAHDMC7YT,64 Chemin de Pate 33140 Cadaujac,33140,Cadaujac,33,appartement,2013-2021,,46.6,C,C,71,constructed,-0.520179086097552,44.72735393797571,33080,1
2633E1520019T,2026-06-05,AX63SZ53R95H,4 Rue Simone Veil 33290 Parempuyre,33290,Parempuyre,33,appartement,2013-2021,2020,63.8,C,C,99,constructed,-0.602040642684735,44.955327599806964,33312,1
2633E1512410C,2026-06-05,K12XB7CD417G,117 Rue du Palais Gallien 33000 Bordeaux,33000,Bordeaux,33,immeuble,avant 1948,,,E,E,263,constructed,-0.582030304301918,44.84542139431757,33063,1
2633E1517126M,2026-06-05,J9TGT4BNQAMK,44 Rue de Tivoli 33000 Bordeaux,33000,Bordeaux,33,appartement,1975-1977,1976,29.9,D,D,242,constructed,-0.590137239867413,44.85491590304998,33063,3
2633E1514116S,2026-06-05,FP6CB7S3M1P8,14 Rue Lafontaine 33530 Bassens,33530,Bassens,33,maison,2013-2021,,81,B,B,47,constructed,-0.509468279603607,44.90407514999998,33032,1
2633E1512914M,2026-06-05,AW99H34VW32G,330 Chemin de Ruan 33410 Rions,33410,Rions,33,maison,avant 1948,,58,E,C,310,constructed,-0.329749084508784,44.662288928739166,33355,3
2633E1512446M,2026-06-05,79KZ4HHN3QB2,15 Rue Robert Laurent 33700 Mérignac,33700,Mérignac,33,appartement,1983-1988,1988,46,C,B,171.3,constructed,-0.614510574071686,44.82872847341039,33281,1
2633E1514457V,2026-06-05,RJDR974BBZRJ,492 Avenue du Maréchal de Lattre de Tassigny 33200 Bordeaux,33200,Bordeaux,33,maison,avant 1948,,57.5,C,A,130,constructed,-0.634090619939521,44.85995038882565,33063,2
2633E1509943F,2026-06-05,V1796C4K85V2,4 Sentier du Monteil 33390 Blaye,33390,Blaye,33,appartement,2006-2012,2006,33.3,C,A,160.6,constructed,-0.652550410164277,45.130294518212224,33058,2
2633E1515489N,2026-06-05,MNVB2ZN5SB9X,3 Rue Marguerite Yourcenar 33160 Saint-Médard-en-Jalles,33160,Saint-Médard-en-Jalles,33,maison,2013-2021,,91.6,C,C,90,constructed,-0.696939464475365,44.881679552186924,,0
2633E1515295B,2026-06-05,QANVGJ933525,34 Cours de l'Argonne 33000 Bordeaux,33000,Bordeaux,33,appartement,avant 1948,,17.1,C,B,216,constructed,-0.573411125684954,44.82933740796474,33063,1
2633E1520947L,2026-06-05,STE4F5NKDKCQ,Rue Henri de Toulouse Lautrec 33400 Talence,33400,Talence,33,appartement,1948-1974,1970,51,D,D,226,constructed,-0.586536451901382,44.79194687961622,33522,1
2633E1515583D,2026-06-05,Q39CQ7ZCDWGM,2 Avenue Montaigne 33600 Pessac,33600,Pessac,33,appartement,avant 1948,1926,115,D,D,199.4,constructed,-0.631714062503632,44.801279531428115,33318,1
2633E1517144E,2026-06-05,3F8M5WRP5SDN,11 Avenue de l'Océan 33680 Le Porge,33680,Le Porge,33,maison,1978-1982,1980,116.1,C,A,122,constructed,-1.09769578463104,44.87326859121809,33333,1
2633E1519286O,2026-06-05,QXP83PJSNSPK,10 Côte de l'Empereur 33150 Cenon,33150,Cenon,33,appartement,2013-2021,2016,42.2,C,C,112,constructed,-0.523048316287278,44.8460193684597,33119,2
2633E1514793T,2026-06-05,8BMQXAM1VFBJ,268 Rue Pelleport 33800 Bordeaux,33800,Bordeaux,33,appartement,avant 1948,,49.8,D,B,211,constructed,-0.569855715562139,44.81980410321507,33063,1
2633E1512188O,2026-06-05,YSCSAGZ5VFJB,22 Boulevard Antoine Gautier 33000 Bordeaux,33000,Bordeaux,33,maison,avant 1948,,194.1,D,D,160,constructed,-0.598286821167955,44.83250419608863,33063,1
2633E1519633X,2026-06-05,G1XNRXB3AN16,Rue des Queyries 33100 Bordeaux,33100,Bordeaux,33,appartement,2013-2021,2019,99.1,B,A,74.8,constructed,-0.56120815755465,44.8480278,33063,13
2633E1514191P,2026-06-05,1VEQFQSEC7JY,14 Rue Victor Hugo 33260 La Teste-de-Buch,33260,La Teste-de-Buch,33,appartement,2006-2012,,41.6,C,A,123,constructed,-1.146841138611657,44.632896862663316,33529,2
2633E1513716I,2026-06-05,QT597D1SS2Z9,Chemin de Pilet 33730 Uzeste,33730,Uzeste,33,maison,avant 1948,,129,C,C,177,constructed,-0.320241636535083,44.443743479711515,33537,2
2633E1518431R,2026-06-05,VXSSRW5EYC7R,3 Rue Moebius 33320 Eysines,33320,Eysines,33,appartement,2013-2021,,41.9,C,C,89,constructed,-0.658477860247084,44.882594867792946,33162,1
2633E1518763L,2026-06-05,WCB9AEYDR7EH,8 Rue Jupiter 33185 Le Haillan,33185,Le Haillan,33,maison,2006-2012,,74,C,A,144,constructed,-0.685374297185726,44.87067615722711,33200,3
2633E1514578M,2026-06-05,RHZE9398E8RG,20 Rue du 8 Mai 1945 33150 Cenon,33150,Cenon,33,appartement,1975-1977,,63.4,D,B,228,constructed,-0.510835762813685,44.851345880850005,33119,3
2633E1512742W,2026-06-05,7KFAD8AG5QCK,290 Rue Judaïque 33000 Bordeaux,33000,Bordeaux,33,appartement,1978-1982,1982,34.6,D,B,190,constructed,-0.59874433236291,44.84012788501539,33063,2
2633E1517193B,2026-06-05,3R42HYRGYHY9,10 Rue Marie Curie 33210 Langon,33210,Langon,33,maison,1948-1974,,116.8,D,D,196,constructed,-0.257496604577031,44.53979023959614,33227,1
2633E1511891D,2026-06-05,SYGQJ7XQV8GH,1 Rue Armand Calmon 33600 Pessac,33600,Pessac,33,appartement,1948-1974,,63.4,D,D,220,constructed,-0.630755906041933,44.79551535813982,33318,1
2633E1519118C,2026-06-05,4FQEY2MVRWBD,16 Rond Point des Esteys 33740 Arès,33740,Arès,33,maison,2006-2012,2011,145.9,A,A,62,constructed,-1.136856501518944,44.776191168566356,33011,1
2633E1519615F,2026-06-05,ATQVBJJJYVJN,23 Rue des Freres Estrade 33680 Lacanau,33680,Lacanau,33,maison,avant 1948,,102,B,A,91,constructed,-1.196675635146169,44.99930479386008,,0
2633E1512154G,2026-06-05,PQ2BDB1NQ7WR,13 Rue du Bourjadon 33660 Camps-sur-l'Isle,33660,Camps-sur-l'Isle,33,maison,après 2021,,164,A,A,53,constructed,-0.035864774839994,45.01978406397818,,0
2633E1520885B,2026-06-05,6X4Q16QNCJ97,1 Residence Horizon Marin 33680 Lacanau,33680,Lacanau,33,appartement,1989-2000,1990,24.3,D,B,233,constructed,-1.200510893323882,44.99596979542087,,0
2633E1518868M,2026-06-05,YRP3VD7VJVY1,52 Chemin du Casse 33500 Libourne,33500,Libourne,33,appartement,2006-2012,2006,20.8,C,A,216,constructed,-0.220924545807632,44.916949506147716,33243,2
2633E1510335H,2026-06-05,Z2S2HR6KC9NY,25 Allee Albert Schweitzer 33127 Saint-Jean-d'Illac,33127,Saint-Jean-d'Illac,33,appartement,2013-2021,2015,62.9,C,C,96,constructed,-0.770988844505931,44.80492995456828,33422,1
2633E1520375L,2026-06-05,E28HV3Z5HG3X,59 Rue Docteur Finlay 33300 Bordeaux,33300,Bordeaux,33,appartement,2013-2021,2016,20.3,C,A,151,constructed,-0.581211287907371,44.863476373099836,33063,14
2633E1519631V,2026-06-05,E3CPK17RN747,168 Rue Pierre Brossolette 33230 Coutras,33230,Coutras,33,maison,avant 1948,,160,D,D,156,constructed,-0.132330386964159,45.03789210281382,33138,1
2633E1512146Y,2026-06-05,RQYXFACJXHFV,5 Allée des Geraniums 33700 Mérignac,33700,Mérignac,33,appartement,1948-1974,1960,51.3,D,D,170,constructed,-0.638099168043762,44.814594915573906,33281,8
2633E1509819L,2026-06-05,6FGSSX335W5F,29 Chemin de l'Estrille 33450 Saint-Loubès,33450,Saint-Loubès,33,maison,avant 1948,1900,60.3,D,B,205.2,constructed,-0.44463457995071,44.90295734840344,33433,2
2633E1512004M,2026-06-05,B7WQ3G7DW6PM,200 Allée des Platanes 33670 Saint-Genès-de-Lombaud,33670,Saint-Genès-de-Lombaud,33,maison,avant 1948,,126,E,E,228,constructed,-0.374655957179102,44.757331,33408,1
2633E1514143T,2026-06-05,2R91QVHG4PM5,318 Avenue de Tivoli 33110 Le Bouscat,33110,Le Bouscat,33,maison,avant 1948,,231.2,B,A,74,constructed,-0.598981240522802,44.871015684635374,33069,1
2633E1510945T,2026-06-05,B4J8SZHS2FXT,112 Rue Croix de Seguey 33000 Bordeaux,33000,Bordeaux,33,appartement,1948-1974,,58.2,E,E,301,constructed,-0.591806884464674,44.850842449288535,33063,5
2633E1517545P,2026-06-05,4A4DV6CJWRR8,130 Rue Frédéric Sevene 33400 Talence,33400,Talence,33,immeuble,1948-1974,,,D,D,183,constructed,-0.584572566778257,44.80557476309369,33522,1
2633E1517753P,2026-06-05,5GA9SVRPBBB1,1 Rue des Pecheries 33120 Arcachon,33120,Arcachon,33,immeuble,2001-2005,,,C,A,124,constructed,-1.146967493710376,44.65735023529781,33009,2
2633E1518958Y,2026-06-05,ZWJ33KDRKPG1,4B Rue de Los Héros 33185 Le Haillan,33185,Le Haillan,33,appartement,2013-2021,2013,30.6,C,C,96,constructed,-0.673319088450486,44.87039038061168,33200,1
2633E1518972M,2026-06-05,7ZM21545RQ8F,6 allée des jacinthes 33610 Canéjan,33610,Canéjan,33,appartement,2013-2021,2017,44.4,C,C,81,constructed,-0.644102120329174,44.75210309820889,33090,1
2633E1515736A,2026-06-05,D4AN2Y29KKB1,33 Rue du Merlot 33240 Val de Virvée,33240,Val de Virvée,33,maison,2006-2012,,79.9,C,B,162,constructed,-0.376620392326969,45.01431126823428,33018,1
2633E1519931J,2026-06-05,9HVDZZ9759NV,1 Rue de Preignac 33800 Bordeaux,33800,Bordeaux,33,appartement,avant 1948,,31.5,C,A,153,constructed,-0.569736573168884,44.821447128523154,33063,2
2633E1518464Y,2026-06-05,RFBQTB5H5PQC,18 Rue Jean Giono 33700 Mérignac,33700,Mérignac,33,appartement,2013-2021,,62.1,B,B,56,constructed,-0.649191240538593,44.85139806267084,33281,1
2633E1513857T,2026-06-05,K88CSQD454VC,Rue Charles Péguy 33320 Eysines,33320,Eysines,33,maison,2006-2012,2006,55.5,C,A,123,constructed,-0.629449834395443,44.876948782305185,33162,2
2633E1509711H,2026-06-05,1D3462FV4BSB,26 Avenue d'Arès 33200 Bordeaux,33200,Bordeaux,33,appartement,avant 1948,,33.7,C,A,153,constructed,-0.600392945756024,44.83628003720684,33063,2
2633E1510385F,2026-06-05,EGKHK41F3GWK,4 Rue du Réduit 33520 Bruges,33520,Bruges,33,appartement,2013-2021,,39.8,B,B,64,constructed,-0.60146361488756,44.88455606002899,33075,1
2633E1518940G,2026-06-05,X7WQYKD8PJQZ,16 Cours de l'Argonne 33000 Bordeaux,33000,Bordeaux,33,appartement,avant 1948,,40.9,C,A,111,constructed,-0.572946872090801,44.82986102210975,33063,1
2633E1520740M,2026-06-05,PTMGZXHKZRA9,44 Avenue Louis Didier 33500 Libourne,33500,Libourne,33,maison,2001-2005,,106,C,B,177,constructed,-0.244774162207702,44.9017998059621,33243,7
2633E1515174K,2026-06-05,W7RDY9PD1BM9,65 Rue des Sablières 33800 Bordeaux,33800,Bordeaux,33,appartement,1983-1988,1983,20.1,C,A,211,constructed,-0.57535905174266,44.82478231288904,33063,1
2633E1510648I,2026-06-05,R4YKDKCDZ268,85 Rue Roustaing 33400 Talence,33400,Talence,33,appartement,1989-2000,,26.1,C,A,138,constructed,-0.591350628237374,44.81771399078927,33522,1
2633E1514948S,2026-06-05,KETVKHWMEB4P,13 Route du Port d'Issan 33460 Margaux-Cantenac,33460,Margaux-Cantenac,33,maison,avant 1948,,151.7,E,E,291,constructed,-0.663739985458079,45.03652157523153,33268,2
2633E1519647L,2026-06-05,P4AM749E44AG,1750 Route de Cantemerle 33920 Civrac-de-Blaye,33920,Civrac-de-Blaye,33,maison,avant 1948,1880,83.1,C,B,158.9,constructed,-0.452608820816316,45.09699638854728,33126,1
2633E1515292Y,2026-06-05,385E5AN7KR43,88 Boulevard Maréchal Leclerc 33000 Bordeaux,33000,Bordeaux,33,appartement,1989-2000,1996,53.2,C,A,138.4,constructed,-0.596006162396374,44.83016879951862,33063,2
2633E1514166Q,2026-06-05,61NGBH281PPG,1bis Impasse Helene Boucher 33500 Libourne,33500,Libourne,33,appartement,avant 1948,,60.5,C,A,151,constructed,-0.229425623868648,44.90401990084467,33243,2
2633E1511938Y,2026-06-05,8QAQAZV9979P,21 Rue Paul Louis Lande 33000 Bordeaux,33000,Bordeaux,33,appartement,2013-2021,2013,53.1,C,A,111,constructed,-0.576210065102313,44.83436672224881,33063,1
2633E1512354Y,2026-06-05,76VPYTZ1GSB4,10 Avenue du Pontet 33600 Pessac,33600,Pessac,33,appartement,1948-1974,1970,14.6,D,D,335,constructed,-0.640587971045234,44.79064490804446,33318,1
2633E1511080Y,2026-06-05,Z5YZZCBV9G28,33bis Avenue de Verdun 33610 Cestas,33610,Cestas,33,maison,1978-1982,,175.7,A,A,63,constructed,-0.692701027462261,44.778719603929545,,0
2633E1517272C,2026-06-05,EHTTCT9X4VWN,729 Route des Grands Horruts 33230 Les Églisottes-et-Chalaures,33230,Les Églisottes-et-Chalaures,33,maison,1948-1974,1965,165.5,E,B,280,constructed,-0.049936983930514,45.091796626764655,33154,3
2633E1514225X,2026-06-05,BSCT97W3NWKJ,9 Avenue du Duc d'Epernon 33370 Artigues-près-Bordeaux,33370,Artigues-près-Bordeaux,33,maison,1978-1982,,108.1,E,B,255,constructed,-0.495376040864327,44.875188379739114,33013,1
2633E1511632E,2026-06-05,VQ68P56AC8CT,56bis Avenue des Colonies 33510 Andernos-les-Bains,33510,Andernos-les-Bains,33,maison,2006-2012,2006,153.5,C,B,162,constructed,-1.081985875588965,44.74501422295145,33005,1
2633E1518745T,2026-06-05,FXJMDV5P75SE,10 Route du Pas du Loup 33910 Saint-Denis-de-Pile,33910,Saint-Denis-de-Pile,33,maison,1983-1988,,124,D,B,193,constructed,-0.170281603573701,44.9924593588102,33393,1
2633E1518324O,2026-06-05,PWDNQJP2BY27,241 Rue du Jardin Public 33300 Bordeaux,33300,Bordeaux,33,maison,1989-2000,,84,C,C,126,constructed,-0.57134820909023,44.859339452109715,33063,3
2633E1515557D,2026-06-05,Q39CQ7ZCDWGM,2 Avenue Montaigne 33600 Pessac,33600,Pessac,33,appartement,avant 1948,1926,25,E,E,307.1,constructed,-0.631714062503632,44.801279531428115,33318,1
2633E1511402I,2026-06-05,9ZRE6JJ8YKH4,6 Lieu Dit la Bodetterie 33230 Coutras,33230,Coutras,33,maison,1978-1982,,127.8,C,C,120,constructed,-0.118768258066939,45.051653052095865,33138,1
2633E1511159Z,2026-06-05,JJ26FR4Q5P3Y,3 Allée des Charrettes 33800 Bordeaux,33800,Bordeaux,33,appartement,2013-2021,,48,B,A,93,constructed,-0.545033739142858,44.82257274296266,,0
2633E1514477P,2026-06-05,CEPMCYPRBQ8M,21 Rue Jack London 33560 Carbon-Blanc,33560,Carbon-Blanc,33,maison,1948-1974,,124.9,C,A,136,constructed,-0.501525604686323,44.90351318745759,33096,1
2633E1513315X,2026-06-05,W7V4KFHSYQCV,327 Route de la Picharde 33190 Loupiac-de-la-Réole,33190,Loupiac-de-la-Réole,33,maison,avant 1948,,205,B,A,77,constructed,-0.044609803992377,44.544505602457775,33254,2
2633E1517072K,2026-06-05,FWYX641E63NB,8 Allée des Salamandres 33170 Gradignan,33170,Gradignan,33,maison,2006-2012,2008,171.3,C,A,124,constructed,-0.640650104897467,44.766048952745095,33192,1
