building_id,hauteur_m
ACT_00228b4a-8001-4aa1-8233-2a85a82e4f70,4.944
ACT_005ed415-6be9-4206-a8ee-bef37466c99c,3.99
ACT_007167dd-79e3-4ac0-9791-abab9c0cc91c,11.763
ACT_0078767d-37e5-4b4d-a6e7-ab5dedd90ef7,12.769
ACT_00885b07-3eb3-4831-813e-26d02d5faf06,5.265
ACT_0089f5d6-9c3d-48e2-b6b6-b519809ac20c,35.36
ACT_00a2afac-0f26-4128-89b8-e47f3751f9d0,8.525
ACT_00ba12d1-8519-4a41-8507-05c8d63574a6,5.812
ACT_00ca8015-5946-4fe9-a607-e7246988d33c,9.239
ACT_00d78d1a-8855-4615-ae7d-4a21df0b00ca,8.082
ACT_00da155c-6184-487f-b71a-250e5eb595d2,7.887
ACT_00f5e799-ff9e-47cc-9cdc-bf2b4d2fa7aa,11.566
ACT_0133b24a-9533-4c2f-8679-9ae49b67432f,9.502
ACT_01475cc4-4cdb-4fc1-bb85-9831e01f7873,10.576
ACT_0172cbd3-ca81-46e5-9212-0cd4e819373d,12.211
ACT_019754d8-d80f-4705-8cc7-356db9c3a8b0,10.676
ACT_01ca1150-2f04-429f-906d-e7608555aaa4,3.009
ACT_01e6c69c-e176-4984-9219-208c8c69b5ff,9.284
ACT_01e7041a-2d08-4997-ac5f-00345dc05773,8.788
ACT_024f5ae7-74df-44d9-9ac6-5703bd4a971a,16.474
ACT_0265a40a-9709-4661-b8e9-cba6ab8c3998,8.15
ACT_0276f807-62e5-4091-b8f0-160fef016d47,11.5
ACT_029e4152-e684-4a7b-b632-1e8f2bd8cfff,7.17
ACT_029e6fd6-99d9-4162-b167-075613814294,10.425
ACT_02cfcdc3-3f62-41de-b6cb-b72a26858fa8,8.884
ACT_02ecca33-de14-4c46-888d-1d68dea41926,3.649
ACT_038f07b4-3638-4853-b713-c11c62ef449a,3.914
ACT_03a740b7-4b41-4b7f-a4ae-71a5d8f72fdb,12.709
ACT_040e74f1-ad7e-4054-9290-509a6fc01781,4.007
ACT_04133bcd-244c-464c-a4f8-899ea59100c6,8.244
ACT_0422af22-0fc3-4c15-acd2-77c3547ebcaa,10.182
ACT_0449e679-a7fb-4d68-8e8c-302070ce4b0d,9.64
ACT_04c1c2c0-1e04-4d2c-9125-c25b383b457c,11.377
ACT_04dc0e7f-8ab3-4cda-ab18-2a921741d8f4,9.401
ACT_04e255b0-1f72-46bc-a2f2-7d9a7d648fa8,10.006
ACT_05360c62-2a31-4582-a863-e15bce8cc9ba,5.408
ACT_0570282a-9221-4911-a2c2-24985a3a6f17,8.929
ACT_05b42215-4c50-4bba-a09f-dd30de57817c,3.551
ACT_05c6db8b-aedc-4ba1-ac49-80a451007857,13.689
ACT_062133b0-7c32-48e6-9022-908c759e8aa6,6.756
ACT_06d6939f-08b4-4578-aeec-35957e97934d,3.311
ACT_06fa4b11-93e3-425f-9cce-7f0347774004,10.513
ACT_077c39d6-6fd7-4f39-a647-71f2e9f92fa0,11.591
ACT_078821aa-ffbe-4338-8ff1-ecab6960adba,12.981
ACT_0795c99b-b2a1-4440-8417-9e2b7d420c35,3.996
ACT_07a6bb3a-fb08-47d0-a261-43594c6302b3,9.933
ACT_07ad6acf-0fa4-43b4-932f-14149b1d0cb6,11.507
ACT_07cf5a86-4616-4b67-becf-2a164f9a6cc3,12.551
ACT_07d6c0ce-f5dc-496d-861a-6e2173913e44,3.43
ACT_07f20299-e692-4f9a-adb5-cbd5d9f30505,16.352
ACT_08124b22-9593-4220-8d64-2482b687e55f,6.964
ACT_081ac7b3-2eb5-4706-8ab7-6a5bb367e1ec,9.656
ACT_081e952e-6b64-46c2-8d5e-72b5a784a802,12.482
ACT_08259b6f-ed59-4f37-8c67-fa606529134c,5.453
ACT_083cd75e-0006-474e-b0ac-237005911308,9.794
ACT_08637d89-50b1-4c58-8c7d-55af3aad7881,13.039
ACT_08a3d05b-2ed4-40c7-bb52-97698f0d77ee,11.186
ACT_08d42ec7-4b5e-4e55-976a-8c8d782940ef,9.478
ACT_09218533-5898-41b7-8a37-476fd441a861,4.859
ACT_0926a6ea-9b2b-45b5-82de-ba124bcd265c,11.893
ACT_093bd294-b299-4a71-b5aa-92b5a0571be2,5.363
ACT_09672b3e-a2bb-412f-9e85-c5901a0bf48b,13.069
ACT_097712cf-253a-4bea-854d-8d28228be44e,8.275
ACT_097d3249-97fa-45e9-89b7-897a0f174969,11.229
ACT_099692e9-2ce7-4574-84e5-ce6d75f55a79,11.395
ACT_09bff64b-64e9-4c59-9b79-9271c2574f24,10.111
ACT_0a185778-e6b5-4e3a-916d-89b81da738c8,7.713
ACT_0a44d2b5-a0e8-43df-816f-543105741d6c,8.004
ACT_0a771800-ecd6-42e4-b382-263a5ffc7ec5,5.957
ACT_0a8e999b-27af-40fd-9d68-dcfb0f873168,6.79
ACT_0af2bf05-d29c-4b6b-b50e-8b2ecadc8dbe,6.789
ACT_0b2b7f22-2ab5-42f0-8f65-312b9f6dedd8,11.173
ACT_0b5ba22f-7252-4328-8def-a409021b6401,7.138
ACT_0b82a1e7-b592-4045-9486-b7053c5f2484,4.079
ACT_0b9b1519-f588-4a9a-bec6-ec0b0c39eb79,4.178
ACT_0bfc72a2-1c77-435b-8068-f67660921e44,9.791
ACT_0c247b84-3afe-49f2-9c44-2dd7400d565d,10.767
ACT_0c2b9ef1-4a1a-47ed-8c00-1cb91cded189,3.744
ACT_0c481be4-05e8-409d-8e39-1bbd5e312657,8.645
ACT_0c861164-9f5c-49dd-897b-caa6fb310fca,10.35
ACT_0cb1189d-42d5-4ffb-b1ed-73dc90e217f8,29.565
ACT_0cba2f87-da61-4f5e-b8a4-dd11996c9731,9.385
ACT_0cc7925a-3067-45eb-a1af-f136804425e0,12.916
ACT_0d30650a-b6b6-4338-ab16-12437ff3f5e7,3.997
ACT_0d54f682-0f67-4149-8ff0-f5d914aefa49,9.798
ACT_0d9136af-8e91-4d13-a063-4182f9b17e4b,9.108
ACT_0dae6616-3dc1-42c9-877d-b0eb9335ac56,10.944
ACT_0dbbdc4f-f1c6-41f8-9b31-3ec7f3a842bb,5.118
ACT_0dfb6580-eea0-4383-84ed-3177310d2883,13.901
ACT_0e320742-1423-4085-9a8e-39607ca3054f,5.375
ACT_0e536e47-d817-4ea6-8df1-b9e687875b46,3.661
ACT_0e53bf81-fbc9-4200-85fd-6739984c1224,6.095
ACT_0e8a0832-cb08-4252-8592-1106d28cbe50,9.672
ACT_0e97725e-2a54-4a6c-b501-f67071a014cc,6.573
ACT_0ec6ac6e-f7fd-4f26-afe1-8c718d93a361,6.805
ACT_0ecb104b-01da-46c6-abe7-921fb1ddf01e,7.198
ACT_0ed8d8a1-d631-4fe5-825b-d81996ebcbde,10.093
ACT_0edcbb3f-c686-43e6-825a-0d4d82e6b07f,14.023
ACT_0ee3c69c-712f-45b7-b9c9-219dd76a4137,3.33
ACT_0eeeb6b1-066c-4aca-9f95-6c6933796763,4.008
ACT_0f9fae2e-2e66-4c2b-bb44-4ebf9e5fcb26,8.647
ACT_0fa9f0eb-27b3-4512-b7a3-8e6a6451979a,8.815
ACT_0fb420f5-2372-4a6c-ba91-5b2ac7ec2f6b,11.697
ACT_0fb4ba76-47d6-4fc7-b880-4b0bc372b56a,7.856
ACT_0fcfc51a-43d8-4c19-9a45-3ad5436ba410,7.264
ACT_0fdc128e-2b37-44d0-a405-afb6bba7e0f7,9.303
ACT_0ff4eda6-353c-4889-90d1-cfaa0661ce71,14.62
ACT_0ffcff45-ca59-445c-8658-c1a353835bc4,3.822
ACT_101273b6-7a97-4b40-808d-169da213a6ab,5.145
ACT_102d8fec-1f65-4e25-a1bf-a4fa3db9cd1a,3.962
ACT_10365bc9-8248-4ca4-ab2e-7c604b63530c,9.388
ACT_10813491-1d5b-4a42-9bf7-a11422278438,9.928
ACT_1081d4d9-1755-43ae-8136-5de6e542d772,8.388
ACT_1082be4b-74cb-4864-b50c-a60491e66138,11.25
ACT_109b7f3d-7e28-4a01-b3ee-6b6872a46ac7,8.029
ACT_10d3cece-3a8a-42c7-9e7d-22a64516c3f8,9.604
ACT_10eb9c3f-8094-4b36-a63f-40b189144b0e,11.033
ACT_110613c3-7eab-428a-86c7-9c4814ec4ac0,10.085
ACT_110835bd-46e1-4d38-89df-de3fdab0e6b6,9.973
ACT_1140b292-6073-4a5c-bc85-21de4efc1087,10.281
ACT_11621b62-1b3a-44fe-a491-fa680c32517e,12.101
ACT_11820b99-9f69-44c3-829f-f9961f194f13,7.106
ACT_118ac286-13b0-4135-9612-467726048a51,4.402
ACT_11d02fa2-4d9a-4e89-b54d-03a6e9a4ea21,11.231
ACT_11d9eb74-d1c1-4c01-8aea-f821c8b8325d,10.792
ACT_11dc5b62-4073-41b5-ab88-8565fccad348,8.69
ACT_11ec75a5-615a-4647-8944-22e9b2a3b094,9.746
ACT_11f8dd1c-5aa7-41cf-9c02-c683e6cbaf78,10.564
ACT_120bddff-fb88-45a7-8a25-4ad199f734f4,8.198
ACT_123404b9-d35a-4226-b289-f373421a18ae,2.684
ACT_129e2382-4274-4259-b6bb-d4f5b843f478,8.637
ACT_12a8fb82-1976-4afb-9360-03e7ff78f1c7,11.503
ACT_12af8337-9077-47f0-85dc-a8d7a0dc383a,9.032
ACT_1302196b-083d-4683-b5ce-44ac7ad82ba3,3.684
ACT_1307da27-9bd7-4a0b-878d-ebd31ac1699a,9.592
ACT_13140857-f4b7-43a7-9218-14146cb72382,12.532
ACT_138c8559-c93d-4884-8e54-894d13d17d20,9.919
ACT_13a86a47-cdc0-4165-a033-bffdb65cf7c5,12.115
ACT_13c41b50-7db6-4406-8466-2ef1627cafb4,12.559
ACT_13c6944f-4dd3-4d64-b4b8-26ef4a71e7e4,11.354
ACT_13ebbc76-120d-4910-9ef8-27082f19a77b,14.468
ACT_1401c885-0222-4c16-ace4-805681251489,5.249
ACT_1406be03-b641-4889-8e66-803b3c49a46a,11.222
ACT_14093176-fea3-4e34-87de-e76a5c01c82b,9.657
ACT_143da7c6-7773-4720-abb5-4c66192da9b4,10.492
ACT_1441aacd-6c47-414c-af3a-29e222c8b2f4,11.592
ACT_14504513-245e-4b42-8aca-0cb2e4110e50,6.248
ACT_1475feef-fa0f-458d-88b8-8d1329532f9b,11.799
ACT_14d5f1d6-c5ef-480f-b315-47dd808ff23d,8.308
ACT_14f718e1-ffc0-4ec4-99c1-9f1f56adf140,3.965
ACT_15204c3f-345a-43f5-9025-4b612620c8bc,11.206
ACT_1566ae0a-3850-4d4e-a9a0-9f98a37a9860,6.042
ACT_15c2eacc-6489-4dc5-a0f1-282eaaf66ff6,11.852
ACT_15c7567e-cf3c-4ca8-9a88-d175cd412a15,8.342
ACT_1624ce51-60dd-4b3c-b6be-85b88832f64a,8.08
ACT_1654c7f0-5093-461b-b5c7-45190afa7ec4,11.567
ACT_16a3f029-cb5c-410f-8887-6dcb01fe0418,3.805
ACT_16bfd4a5-9972-4a1f-9899-53828bbd5d69,9.941
ACT_16c40488-49ff-4be5-b05e-03f8e10bc9ee,12.302
ACT_16ffcf1b-152a-44de-9153-7a2119a3c2bf,9.717
ACT_170e9975-6fcc-42f1-852a-ba1d00625ace,11.437
ACT_171af5ce-23e6-42c4-8aba-6021bc658223,9.056
ACT_177257de-9095-406f-b109-af214e50e5ff,10.275
ACT_1775f610-b2df-47cb-9397-0c2ef952a4f4,9.2
ACT_17762fa7-3066-4618-87e9-7d875c27597b,7.978
ACT_1780ad79-2b3e-425a-88d7-b65933533725,7.951
ACT_17828967-64e9-4534-950e-e3fe51682c50,8.661
ACT_178e38e0-0e46-4375-81a9-e09ba06cb36d,9.73
ACT_180ee2bc-7105-4985-9c50-b9424120bb1c,7.811
ACT_1881fbdc-c8fe-4716-abd2-29effb1105d6,12.149
ACT_18923e9b-af68-4441-8297-1a381e5d6f6f,12.926
ACT_189f36ac-c602-47a2-a483-eded659d3299,9.245
ACT_18a67ef5-53cd-43fa-803e-68093bc6432e,8.283
ACT_18b0975c-7cf4-43d1-8002-d104319e6306,9.175
ACT_18cf8f58-44a0-4bb9-8ce5-1751129f9a67,12.371
ACT_190f217d-f43a-4020-9111-3514506e3250,28.558
ACT_194c4e0d-b20b-4375-a0fd-c7364335c780,12.222
ACT_19ec1ac8-32ff-4020-9b1b-7bb436850eb1,11.681
ACT_1a149be6-d331-45dd-aca7-22991f162078,7.346
ACT_1a91fb84-d2cc-494a-aa32-3289f3b94f24,10.524
ACT_1a920c59-cd4a-45b3-8b61-5c3867bfe68b,11.461
ACT_1af80975-4343-433d-87d6-c793a5a0136c,10.024
ACT_1b0b23a9-2b58-45fb-8503-c9281b06d47a,4.481
ACT_1b8230e5-321e-4c56-90b5-cca93adddce5,7.605
ACT_1bbc8e85-62df-49fb-89ad-8aaf7042e1fc,11.28
ACT_1bdaa163-59da-4031-a187-969bfafc5468,12.785
ACT_1c4153df-2381-4817-a4bb-20a50aaa2518,6.651
ACT_1c6152a3-35b4-4ecc-952f-267e6ea79eba,8.558
ACT_1c617d1c-8cd3-4aa9-81b5-b9ea397f9446,4.766
ACT_1c6737d1-abd4-472d-a12c-e27e1a68c6ec,10.061
ACT_1c91c440-0eba-479c-b8fd-2401a899b3fd,9.04
ACT_1cd88abb-aed5-4ab6-914b-69418269d6b8,3.429
ACT_1ce5ce29-935a-4138-91b2-3f47dec0654f,5.42
ACT_1d126872-07a6-4b5a-b8a8-d8a90d2effa0,3.271
ACT_1d1417fa-aadf-4d3c-9ff1-92cf12b63660,13.088
ACT_1d389b14-3d36-4bb8-a001-e64764ad7f98,9.599
ACT_1d571173-0bc0-486b-9d06-dff789cbe494,9.663
ACT_1d8391fb-7431-449b-add1-852ec28e8d33,11.296
ACT_1dbaf429-538a-4e3a-9182-3b6e1c1a28b8,10.755
ACT_1de2b9d3-b116-4101-b9f0-78817232389c,8.457
ACT_1e1621ca-19ef-49e2-a5a0-c9e83615ee79,5.798
ACT_1e1a16a1-092f-4a22-87ad-3fe182d6cedf,9.152
ACT_1e32e378-77df-4c57-99d9-9e2397fbcebe,2.969
ACT_1e8a2a38-45a0-4205-830b-8bfbca91ea17,6.142
ACT_1ead0eec-1073-4d2d-8d3d-d7c79886e042,12.008
ACT_1edb11c9-3d02-4f9c-ac78-ea9c063255bc,11.545
ACT_1f31168b-9194-4792-a5c4-01f750277109,7.753
ACT_1f337d38-242e-4c08-9e38-994bac634809,4.014
ACT_1f3e7d2b-d7d5-413a-99c0-7c9b53b50f39,6.725
ACT_1f567c2e-58de-4a82-b45b-6d9d04f7ae65,10.878
ACT_1f783d06-273e-4481-b66d-6ac3ff777549,11.872
ACT_1f7efaa1-57d9-4b5b-87e2-af4ca18af9a8,9.321
ACT_1f7ffb4e-6c27-4cf0-8530-341d215714ae,10.043
ACT_1fe5e86c-6390-4848-baee-d46ef1003571,10.253
ACT_204fe498-f2c9-446f-b18e-05f82167c011,3.764
ACT_20763915-8561-46ba-a862-2977896b112c,10.623
ACT_20b3c658-1d4c-4a73-a9cc-236897c507f5,11.053
ACT_20eacae0-065e-450a-8738-3aede1347750,9.049
ACT_21027594-02e0-4c0d-bf39-894d45c60e90,12.301
ACT_2163856b-be23-400f-b88c-b4491981d7b1,11.437
ACT_216ec0fb-e581-4773-b6b6-69fff71181a1,4.42
ACT_21d82d13-2950-4357-88c1-68c2e5906e23,11.122
ACT_21e43bd2-1088-489a-afd6-d86ca025491a,11.293
ACT_21fd1afa-0a7a-4599-852f-962eefd10ce8,8.825
ACT_2223e5e3-aa5b-4424-b800-4cee572dc237,3.489
ACT_224fb3ef-fcc3-4aa7-b374-232665ec7138,10.866
ACT_226c8b2d-e228-49a9-b34a-914432cc5857,4.666
ACT_229fe4d9-d3d4-4923-88ca-90fe58dc5ce7,2.857
ACT_22bd657a-3998-4ace-9c4a-20950eb7a5ec,17.015
ACT_22bed197-1287-4499-8c2d-07ac93f188d4,9.38
ACT_22c47814-fd92-44e3-b2cf-ac659ae95a74,8.335
ACT_22d25d4b-a239-422c-b705-b6f2790f3126,9.12
ACT_22d56a3f-ce79-4566-80a6-a157b2538432,14.058
ACT_22e3460f-bb37-48f1-b687-8fb022858058,7.762
ACT_234695aa-1d95-42e1-9085-505959579649,3.558
ACT_2360afde-97bb-431d-ba37-0834f37d267c,5.002
ACT_2389ccd4-42cd-4936-bd95-7b4c2d9660c9,10.183
ACT_2390acad-ca35-4c5d-bd49-886130ce2481,10.322
ACT_2401a2b7-c155-44c4-aafb-f75842e728d2,11.538
ACT_2405f469-f7a6-4928-bf0f-2101297bf01d,3.334
ACT_2451c5f9-e9bd-4da5-9efb-a37a925a9270,10.886
ACT_2454e83b-c7ea-4dd8-bd4c-8148465cb3ed,11.272
ACT_245a1244-99ec-4fdf-9b2a-1093bb5e8983,12.785
ACT_2467a2ba-414f-4ee5-8303-728b8236c8a6,9.846
ACT_247b3663-903d-4615-aa84-e7ab9605aa05,9.649
ACT_24de1963-fa29-4ec3-91ac-8cdbf5b1c322,11.483
ACT_24fbe8bf-160c-4ff2-9a5e-14d537f015bf,13.469
ACT_254e0489-f050-4256-9000-52f8b275f5bf,10.335
ACT_2550f101-5301-4489-9ca0-9016be481e20,11.123
ACT_255d463a-3257-4880-94e3-725c017853b8,10.283
ACT_25deac66-b98e-4191-9719-498d35b352a9,9.204
ACT_26107c66-93ca-4d23-bfee-03d9f7cf29a1,9.485
ACT_261a7812-1b96-4620-8906-a974fbc7962c,6.47
ACT_264976a4-7644-4283-a6d5-56d8179fae23,13.061
ACT_264d6487-b7b1-4bcb-a4ef-eae07ca4503e,5.913
ACT_2660e820-bdbe-4bed-bd15-0089894913ff,5.815
ACT_266f3719-6d69-4fdc-a596-350a3528eaae,10.696
ACT_26815f00-7094-43aa-9d5c-f0e6541a4719,9.612
ACT_268e3be4-18bd-4b1e-a480-27f9ad6c8310,13.875
ACT_26c46216-9fd7-49c3-9b71-3b4ee6e547eb,9.137
ACT_26c75908-9ff9-480b-9be8-60a2126cd691,11.088
ACT_26cb5ddb-6abd-492d-be46-82d9c3b25a09,9.47
ACT_26fb26b5-f138-408d-97c2-f8a5998d203f,3.739
ACT_270a4f56-7f8d-41ab-809e-df19c82c6890,10.758
ACT_272c4e17-ff76-4471-a832-47e98ed3ff5e,5.247
ACT_27303aa5-cd42-4493-a0f4-7ed3df9ccfff,12.039
ACT_2737920c-31ad-43fb-b78e-7d215f9433c1,5.077
ACT_273bb161-5580-4158-a2d2-1e0993e24f28,7.794
ACT_27a44df7-cf80-4d9e-9d5f-6c1438653e6e,11.288
ACT_27a9e329-8403-4fbf-8c27-9aa2cf8aaff1,12.011
ACT_27b1d925-75d1-42b1-8d8d-af15a1affa19,10.445
ACT_27c9d4ff-2a8d-4eaf-a14c-0b4d31d05778,11.687
ACT_27ef21e7-3ced-47dc-9666-596b2664e797,9.29
ACT_282e5b26-9873-4171-b305-67c03df9f0f3,5.818
ACT_286bbf2a-3847-4678-ad5c-55c282911252,13.708
ACT_28844e18-0d96-44d8-8c67-915e86c0e44e,9.647
ACT_28953d13-042c-4bdc-b42b-c0df50a2c97e,4.634
ACT_28b19e30-29ee-4d8f-8d25-77ee8128627d,7.424
ACT_28cf7f01-0f19-4dbb-a345-3dfd9f260874,11.029
ACT_28d2eced-4cb1-4884-be2e-395a896aecbf,11.418
ACT_28f21241-7184-4a5d-91ca-ead3d0ca5edb,13.445
ACT_292991d0-1c93-444b-b931-1a19541e757e,4.467
ACT_2981bb73-5368-449a-8798-45eb1aee05f3,11.618
ACT_29b3825e-d5ac-40fd-b1ba-03996f5f40c5,11.255
ACT_2a46685b-1f01-4ec2-9791-7bc57de1db6f,7.768
ACT_2a75b9df-d754-45a6-88ab-22ecb487b40a,7.82
ACT_2ab7cf03-c8e8-41ae-b625-e6ff17a4ef6a,3.352
ACT_2b2e4b4d-0019-418c-8771-6bed0a36b6f3,13.188
ACT_2b57a91e-cba7-469f-8ebd-b1294b874c5e,3.695
ACT_2b5aea82-4bc0-4886-9c6b-4f601eeaacae,5.591
ACT_2b9bfc09-586d-4124-9f74-bc1eec32bc99,9.313
ACT_2bb589d0-ebd9-45e2-bf88-e3aa49307798,3.036
ACT_2bca781a-987b-437d-bc92-f949216cc132,8.81
ACT_2bce6589-d1fa-4418-ae7a-183501763d4f,3.439
ACT_2be07a27-a01e-4084-a1ab-7b6f5430c91b,11.005
ACT_2bed8396-754f-4048-b69c-d796e4387d99,11.251
ACT_2c1f328b-77a6-4380-acf7-bbc976247beb,13.643
ACT_2c35af0c-0b18-4b85-9cee-167c3e94ca70,8.731
ACT_2cc56822-60da-491c-8ff8-d9c8f8fc1a7c,13.348
ACT_2d00e114-d099-4d76-a560-a961533522a2,11.696
ACT_2d09d439-5a73-4f94-aa7a-a630bc2377fd,9.161
ACT_2db007ee-9057-4c51-aa72-3933035f025f,10.299
ACT_2db4df24-beec-4b87-a464-34054d9d075a,11.177
ACT_2e001839-0916-4327-be37-9c2cb958343b,3.799
ACT_2ea54386-f59d-42b0-bc26-212c0bf0a47c,4.152
ACT_2ea612b9-ea5a-4fda-82e0-13d3342d84b3,3.726
ACT_2efcf83f-26da-45ad-b20f-dcf1e5641ca1,10.913
ACT_2f04d304-679e-42b4-a7de-cf17fbd50556,11.012
ACT_2f067a0e-1dc1-4b3b-b013-341721e5d7f4,12.152
ACT_2f0712d7-9b28-4e76-8737-915dc9c80449,3.433
ACT_2f0e00fd-e4f0-4ea4-8b80-cd5832acaaa5,12.052
ACT_2f215010-b850-49e5-b12e-9ffa7434beb2,5.79
ACT_2f36d7f3-362a-4c4b-acf4-093320a57b4c,11.907
ACT_2f3fa1d4-626c-4a88-8639-44390566e11f,8.892
ACT_2f6cd39a-c19b-417d-b8ad-95bd39713518,8.598
ACT_2fb402eb-48d8-47a9-8e82-b9e25df051e5,9.869
ACT_2fd99d43-c63c-462e-8cd7-b42b22f6a7f8,12.075
ACT_2fe1c8a7-8610-4a2c-ab60-ab28e73f979d,3.093
ACT_2ffe6129-bc82-445d-a241-62c99dd08214,13.311
ACT_302347fc-102e-4c26-bea3-53a6d614a58f,5.52
ACT_30249c80-9f28-4da7-9bb5-cbed0f5c89ca,3.322
ACT_302a0a22-e0d7-4229-ac5a-489f9176a9cd,4.232
ACT_302c8125-20bc-4c6b-86d4-964f83307bc2,10.603
ACT_306cb38b-f57b-4992-b6a4-d782a7001991,9.986
ACT_308fae76-8c8d-4baa-9da2-4bb42bde4c63,9.326
ACT_30dc242a-71db-4581-9061-4a4bf809573e,3.527
ACT_30e29c18-d0f0-4314-8259-15545ad51543,9.684
ACT_312a43c7-1ebf-4dd5-b90f-52ef81deb7c2,8.47
ACT_313c666e-5000-46f5-98b3-ea64c787b89d,12.211
ACT_3184c215-777f-4355-803c-91bc85c2827a,14.736
ACT_31e97c81-37a4-4f24-9209-519bf9c0e6d3,8.014
ACT_31fcf330-8430-4ce8-95e6-c5864e49a252,9.121
ACT_32639fec-8432-45c2-8a68-1c43e7142a87,3.198
ACT_3274e961-4ac2-4192-a261-67a71b49da7d,7.332
ACT_32753fbb-10fc-446d-9917-9498f18c9d61,10.694
ACT_32d0c52d-690e-40c1-9873-977d3fb91ba8,19.937
ACT_32d3f213-2e01-429f-a0aa-a7f6c2f8309c,12.046
ACT_332faf4d-5c86-4824-9fde-bdf4166aacaa,5.635
ACT_3337ccf4-abaa-416e-8784-f4cddd6e3bab,10.045
ACT_333f8438-470d-4fb1-8d64-4e62087f3a20,12.854
ACT_33466676-b1ed-4708-89af-178ef35a40f7,8.43
ACT_335cb98f-60dc-48c3-87ea-12bbfbef02cc,11.893
ACT_336d3eec-3552-4339-b0ee-c6acce66e2e0,6.665
ACT_3397756a-fa8e-44ae-a166-bf9e458390a3,3.984
ACT_33aa7a13-b1d5-454c-80de-b62aaf4e26cb,9.981
ACT_33de5325-ddac-46cd-bc84-1fe44e2b7c47,11.064
ACT_33e18480-4ba9-4ef8-88e5-353a2769f6d2,9.012
ACT_33f55552-00c9-4464-bf7c-26dc41215dcd,4.148
ACT_3419044c-a6d2-4fc6-b43e-0670fcd289bd,11.39
ACT_3443a93f-b7f6-42d0-b4b2-caa365a1dd9b,2.542
ACT_345aa641-5e0e-49f5-9edb-57cced921293,12.016
ACT_34980feb-ffb0-4bce-8e32-168b37b85f19,8.336
ACT_34ad393d-0378-4f6d-82a2-a4012311cbc4,3.802
ACT_34f2d6da-becc-4cf7-be8a-8e0054d6985c,10.119
ACT_35ca0f63-1027-4f23-b12b-678426bce9d4,11.807
ACT_35d4b70c-76d1-4305-a1a5-5d7dea52f20c,8.945
ACT_35d988a8-a677-4c4c-91ef-aa278205ee2a,3.796
ACT_35fc5f21-759c-4035-bfe4-b8c25ab3015f,2.712
ACT_3678c2a6-d140-4198-a088-d7616d469989,3.075
ACT_36829f8d-cf72-488c-a7d1-96bf71666ce6,10.711
ACT_369571d9-e4ed-4e80-97fe-14104c1d2737,9.859
ACT_36ae64d2-342b-4b22-a0ea-bcfc69564741,10.352
ACT_378d153c-349e-4b3b-ac5c-db9915225c72,10.262
ACT_379037e7-8be1-4928-89e2-1451827681e6,8.85
ACT_3794eb81-0004-4822-bfdf-9286a096ad90,8.02
ACT_37a171d7-53fc-46d2-b7be-d7fb530f2e19,14.012
ACT_37d07a60-088a-4126-b20b-da20a9b1e540,8.005
ACT_37f86462-a54c-4957-afc3-f953975ea5ab,4.086
ACT_37fc75c0-5f5e-4bb4-aea0-df09766b2ee0,10.244
ACT_381ba184-f20e-4c6b-8ff5-cef75731525d,3.977
ACT_38270d67-e9aa-4cf4-8f26-a13300eb9ac8,7.125
ACT_382d77c9-f658-493e-bb3b-d06a9b48ae28,3.974
ACT_38658189-11dd-4afa-b4a6-fe494b52b99b,8.173
ACT_389147df-dea8-42f9-8e4c-e5ac4a16809b,6.97
ACT_38c31dc6-2982-45cd-98b6-dcad401c98f0,8.556
ACT_38d5efae-8760-4c25-b972-c5125ce56208,4.99
ACT_395fec92-4629-45de-b36e-5c18e4ac459d,9.596
ACT_39796c34-145b-4c67-ace4-bc756d73f1c3,5.832
ACT_3995b7da-aa9c-4372-bf3b-7bc96143f8dc,6.639
ACT_39c0220f-84cb-483f-88ba-c64f0ccee318,4.485
ACT_3a43df93-f089-48b7-9737-83f5669be626,9.918
ACT_3a9132c9-0213-44e6-9341-17449915e756,7.963
ACT_3af796b9-de50-416a-8e26-159789ce1fb8,6.747
ACT_3b1d42e5-895d-473e-bfea-1f5ccf30661b,5.339
ACT_3b613f1e-928e-447f-aa6d-f0b9a9e936d4,6.089
ACT_3b76706e-881e-4377-a62d-6709863cd53f,12.152
ACT_3b7d4a7c-492f-4a06-ba34-af4b14b97e93,10.402
ACT_3b9565e3-ed0d-42b9-89b5-c4d6d40aeb4f,12.883
ACT_3c0aa720-7a2e-4514-bb13-bc296c75c034,10.225
ACT_3c13d7d5-8429-4bbc-941d-ba1e027bddcc,9.088
ACT_3c56ccc7-b812-43ce-a2db-829d1c6520f8,11.42
ACT_3cd990d2-dfb2-47ec-8b68-474d7c092ba7,8.874
ACT_3d2b28e4-3f50-4688-840a-9c4db8fb404e,12.318
ACT_3d637159-fa2f-4c81-9695-ec8e9431f8ba,8.945
ACT_3d874c85-5b4e-45a8-a1b0-e6ac592d8d83,10.093
ACT_3d984306-a287-4556-922a-dac8cca56ac4,2.977
ACT_3da81333-8743-4be5-9f68-8137e66200a9,9.246
ACT_3db525e6-6398-4485-aa5e-0f405672d291,8.382
ACT_3de221b5-e7dd-41f8-9c76-fad8833d07db,10.371
ACT_3e2ad1e3-6256-4c3c-a7dd-7dd9d4189c6a,6.19
ACT_3e408b50-77bb-415d-947f-20de6489d617,3.27
ACT_3ec35258-f891-4a93-bec1-0e440159b6d4,10.36
ACT_3ec9fcb9-4165-44c9-9a0a-1f89ef6a6e39,7.2
ACT_3f8381c4-e075-40b6-ae65-7e69810679e7,6.714
ACT_3f9b189b-0ff4-4772-9050-4fbc27a2067f,9.748
ACT_3f9e0515-d60c-4284-81ed-6ef22aaaed58,9.25
ACT_3fc75d21-d411-4068-af4d-bd0751a19158,1.081
ACT_3fed5553-2910-4484-b197-fddb7445c7c5,5.914
ACT_3ff7d1af-306e-4b69-a4df-f06f0b837a9e,9.057
ACT_40582fb6-c13e-4b56-b393-db4864239708,4.136
ACT_40b20b11-0aad-4995-9f39-27ce080fba4e,3.403
ACT_40c807c2-5cc5-409e-8145-196e76620445,4.796
ACT_40fa4b91-fd97-49a1-a404-446833bec682,6.906
ACT_4194c38f-4d39-4cae-80e9-8bf657641512,13.723
ACT_41d0a09e-80cf-4d7f-9d5e-0cc828c5fe31,3.621
ACT_41d9a872-43b8-4dc8-ba40-142bc1dac565,12.565
ACT_41ded98a-5885-4070-903e-9092bfcbd396,10.774
ACT_41fc0cec-6b69-4a7c-834e-cea2f86994f5,11.322
ACT_4206a694-78c0-4658-9ae7-d1830b64871c,9.002
ACT_4219a17b-8a8d-4195-a147-7a08e952741f,11.532
ACT_4255d96c-9614-4440-9469-6c238c222145,10.561
ACT_429fe07a-4bba-4f33-8777-bfac7ec3b779,11.74
ACT_42b7c286-b393-4bf0-9334-e65bb1c6ffca,6.774
ACT_42f48dd0-796d-419e-876b-4e4863dde049,4.188
ACT_42f89104-8da3-4c67-b12e-bcc619fc2a3a,3.771
ACT_42fcbb99-5c62-4300-aa58-882c67ceeb30,11.65
ACT_42feed91-98d6-4b8f-b440-81217c1138aa,6.641
ACT_435012ea-91f6-479f-a55d-934731b88712,12.476
ACT_436bd094-7459-40a0-ab36-5202aba0d194,3.677
ACT_43782e93-0f9e-45ea-845c-cad3182dd9b7,12.007
ACT_4388c7c8-967c-4251-aeed-1940439a3d8a,9.326
ACT_4407b48a-48f7-4c00-80a7-40e5f4d35de7,9.223
ACT_44260f8c-6c95-490c-adb0-b3fa98163a7d,9.07
ACT_44ba65c2-1a72-4932-9abb-41afd596e05c,9.616
ACT_4531cb06-8396-4748-bb2f-1b56778330f1,8.299
ACT_4536feb1-2548-4f11-a684-9be5eca35f00,16.576
ACT_4544a3a7-156c-4014-b0ea-cc5d52c6e6e0,8.504
ACT_456762ab-fc1d-45d1-b26e-03e9bd726781,8.642
ACT_45a9d13b-bc6f-46e7-8b99-ce3b8998f6b1,4.019
ACT_4609ea20-8c97-4bfe-8cb1-0b989534dc9d,2.434
ACT_462d5126-9381-4fe4-bf34-7c4fc55297dd,11.429
ACT_467c3367-c6d7-423d-88cf-a420d90ef263,3.623
ACT_46a1ad09-3bb9-41fb-b353-e91ce89e73fd,12.1
ACT_46a9d6a8-4208-4dc2-b815-6cda0e46f639,4.325
ACT_46c2b692-fe15-4ee1-ba86-c124acef18a4,3.425
ACT_46ed784b-366f-4ec1-941a-ff298ce1bbb3,5.368
ACT_470fd32b-92db-41f5-91b6-305629444b1b,6.272
ACT_472f89e6-4346-4be0-b2a2-f2b1ee4331c4,4.837
ACT_473b6eaf-ec00-4e9c-b972-f0dce022d2c8,11.784
ACT_478c8b24-7b47-410f-bfb1-6501644cee4a,8.552
ACT_47bd0c63-ec3c-4ca9-8cae-73988b72ae1a,11.081
ACT_4806c690-ce92-4ca1-b079-e11e36c85ba7,10.703
ACT_4847e4c8-9514-4ed6-a270-74cb302ce44d,2.491
ACT_484f0866-cba0-4eea-914c-8e5ced155d6b,2.93
ACT_491a454e-d2cc-40da-a945-4049aee5523c,10.692
ACT_491cf0a1-3c2d-4503-8567-552805163280,11.846
ACT_491eaa75-52e5-47da-8fa5-6d3fe6d54527,9.776
ACT_493a2425-6648-4ea5-8534-98c948e03a58,8.837
ACT_49804c70-89d8-42cd-bf73-219167595819,8.041
ACT_4996c96e-719a-4c54-a73e-46b2cd03845b,11.365
ACT_49d2a600-b70a-479c-9de7-c923f079c41c,9.511
ACT_49f64efa-435c-44d5-ad8d-201a75eca0d4,8.005
ACT_4a82a47c-0267-4fe0-81a2-1ddcea624200,4.359
ACT_4aa74cb9-a13d-45b2-aa55-ccbe47d209f9,9.444
ACT_4adbb95a-97f4-4da1-b924-4bcba004f8c1,9.54
ACT_4adc51cd-7f53-4d1e-b3d7-2f69d27d8fc0,10.941
ACT_4b599beb-fc81-46a8-b56c-f37e406b657e,8.587
ACT_4b63d050-6d51-4f8c-b874-9b00b1e2deb2,3.297
ACT_4b787648-fdba-47cf-acb6-3fb69a8abf6f,8.716
ACT_4b9c8d70-7591-4c25-913e-e18778c26afa,11.644
ACT_4bb6567c-9235-46fc-a5f7-39d836d83b31,11.23
ACT_4bc9b221-2cc4-41f6-94de-da8111468d51,8.817
ACT_4bcd0950-8119-4107-a885-822d6a15dfcd,8.83
ACT_4c2136b5-a7ec-419f-bb34-80877d4b151e,11.617
ACT_4c3b53a3-c86e-40c0-85d2-52c469196c7c,6.169
ACT_4c531ca0-f1e1-433a-9c83-0e16d0f4df99,12.467
ACT_4c545d48-ac67-42b1-b352-576796c50b2a,7.621
ACT_4c8101fb-2478-45d1-a519-57277360a400,10.738
ACT_4cdfd5c6-b0cf-44e1-a526-1fb9331771d3,10.857
ACT_4d6008bf-ead8-40f2-8ec8-86166b0a883d,6.662
ACT_4d916a9b-e218-4474-9b7c-11dab67bbe11,2.936
ACT_4de6a642-c200-4f62-8fe4-c02e54dfcf80,3.017
ACT_4dfe04cb-a57c-4309-ae37-0aad7634f1e0,10.875
ACT_4e770e01-b773-4711-bc9f-d0bf2f56c4e1,7.851
ACT_4e97b007-1ad2-47a6-b49b-22478c1e57f6,6.254
ACT_4ead0445-82a4-4276-a139-7857e20b9fa6,8.579
ACT_4ebcbd05-4be4-4c04-9f07-d1df439da694,7.355
ACT_4ef34ee5-52d7-41c4-9275-2198309f0cee,10.892
ACT_4f41977e-2f68-4947-b9a6-36ba4a529192,11.643
ACT_4f446c11-a1e4-433d-a2b3-c1308c61b366,12.383
ACT_4f6415d2-927b-4cfb-a61a-01fe25d22a92,9.588
ACT_4f68f312-45e2-4a4b-be9c-beba647bc42b,12.72
ACT_4fcfa7b6-85d0-4e8a-a3a4-ec742fa8a761,9.295
ACT_4fd7354e-8854-4eac-b419-a200fd02bf63,4.284
ACT_4fda23c5-e80c-442a-9567-1917bd4bd5e8,10.654
ACT_500139e5-315a-4d0c-951b-1874f60acfef,6.553
ACT_500688b5-186c-42f0-a898-879ccfad6cc5,3.701
ACT_507bb956-0b67-477e-a8c1-1f38792453cc,3.451
ACT_50d81496-ee6f-41ac-aae5-7546e9f20b69,9.248
ACT_51126a83-aa0f-4e7f-b5e4-097bf2c45f72,6.395
ACT_5163654b-fdca-44af-90e1-18b65506a9aa,13.354
ACT_51736f68-9e9a-492e-af4b-0d66bfd429e1,8.214
ACT_518463ea-58e0-408f-8735-f139be27c35a,7.712
ACT_51b96abc-6e36-40c0-86c4-9336760cc45c,9.451
ACT_51da2827-0ceb-4ae0-81b3-45ebd951d5ac,10.496
ACT_51e0fa55-279d-44b7-a37e-e6a3847569f6,6.547
ACT_51fd5399-b654-490b-9a9b-986022c3e152,12.449
ACT_5214d747-d02d-4e0a-b0e4-e9f202b9c2da,9.674
ACT_525e32c6-f498-4e6d-9b9a-d9ae1cace6f0,4.557
ACT_5281a3cd-b916-492e-bd8a-fa8dda50fb79,10.098
ACT_52900be8-5936-41ba-8e95-99339d53c5e6,14.508
ACT_52d360fa-7a11-4ca6-8c14-51fe286b0541,9.695
ACT_533fdc42-5355-4f97-a9dd-cce09fd2c557,10.089
ACT_5342f8ad-a4fa-4460-aff8-5ff59e283481,11.587
ACT_534f0720-fd5d-4af0-bcf7-9f9678ffbab9,8.819
ACT_536c556e-c84d-4699-9c7c-686c3408402b,10.108
ACT_53a07e50-28e1-42d1-b381-b020bc298da1,7.599
ACT_53a09c83-aa1e-4fd3-9d4a-cc43eefa135b,3.43
ACT_53b400fd-47a1-4c0f-9597-a1601061cacd,9.327
ACT_53b41154-084b-44e4-ad01-8d5098ae50d1,10.017
ACT_53c04c82-a25e-4947-867d-8499f0d9cf40,3.544
ACT_543270aa-2d40-474e-820c-6137c7c1198b,7.396
ACT_54345578-a53d-4043-85a0-91453d51759f,2.718
ACT_5449b910-9ce3-43ea-b10b-7a1a6d8c880e,3.914
ACT_544b0d9e-f1a5-46e4-a1a2-aabb76a57dcf,9.46
ACT_5499cacf-97bd-4d79-bae8-6fd4d6cb9798,6.147
ACT_54c17de3-17e6-4687-ab8b-d24e3f5e48f1,11.491
ACT_5500e719-1bca-43ae-b27f-77a520cbaa68,12.862
ACT_5506ecf8-c15a-4e2a-b9eb-65bb749c2408,10.306
ACT_5507937f-6106-44c3-83bd-58506b4109fa,9.836
ACT_550df1f1-4920-4df4-a2a5-909313ded49b,4.274
ACT_553f67da-b128-4b1b-9c6f-a86f64501eba,9.553
ACT_559047df-6ba8-4bfc-bb63-755d844901b3,3.922
ACT_559a9224-955a-4191-b80b-40e2ccb26fee,12.327
ACT_55b294a9-4cbb-4301-87ef-ce010b0532f6,3.716
ACT_55c03c62-3f6e-403a-ac1f-a55913d68464,8.491
ACT_55f6bdc1-37b7-4f18-914b-dcc0d11c88a0,10.697
ACT_5608f043-96d6-43dc-9cf0-0b0cd09eeddd,12.469
ACT_561f88fc-1944-4808-9554-6381450d770a,6.834
ACT_562fa53d-0207-4512-bc88-4bdce97d6579,3.445
ACT_56491ef6-1df8-411a-b58b-50f95063d86a,10.632
ACT_5657029a-a883-4fd6-8125-76f55da0e5f5,9.569
ACT_565c3136-7c5b-40ce-8858-6004c8789a1e,7.431
ACT_56e431fd-8e76-4072-942c-56dc191b4ee5,3.392
ACT_56ff330e-7cbd-453f-b4b9-c78e16fbb612,8.105
ACT_5731ce25-8118-4cb2-8720-2ad07ee0cf96,12.725
ACT_573463dd-089d-4649-ae87-2638b83e787b,10.527
ACT_575390ed-b28a-4eeb-b551-049dfe79fba6,4.645
ACT_578664a8-50a5-461f-8782-f7140bc49999,9.33
ACT_579272f8-6503-4050-b533-7ca01af2dcbe,5.327
ACT_579a7f71-653c-4461-a5dd-8398d3a170c7,10.215
ACT_580d5540-284c-4b5d-8a5e-05078d288f34,11.941
ACT_583f7aff-cf65-44c6-b3cf-e2938ae9ed1b,9.645
ACT_5847e1b6-b16a-4151-becd-5b0e6da08ba3,9.312
ACT_5855a8c5-7659-4477-b7de-14b09705de92,10.571
ACT_58897bf4-fe51-4ee4-b101-6c4c99501b70,7.283
ACT_58f1c955-7d1a-4c42-ac1c-b385106614fd,8.375
ACT_58fd725a-093c-4dcc-8f32-ce2be3091771,10.094
ACT_5905e4b7-1b3d-4633-ab9a-98d163b566a2,12.441
ACT_59160c1e-0d4f-42f4-800e-0d29f888ded6,10.864
ACT_5937e5b6-46a8-4041-87af-558f020ae682,10.348
ACT_596abec0-cd29-40cf-838f-061a16f1277f,10.374
ACT_5972948d-fe83-4b35-9770-3896bf1ea5e9,4.065
ACT_59b623bd-dd01-49a7-8faa-92d56a3c4c1e,8.948
ACT_5a157f22-0e63-41bc-bb3c-1a03e7cb24b6,9.833
ACT_5a2d64be-f092-41c8-86ad-9da647188ecb,6.844
ACT_5a5b691e-9f61-459a-814c-595af15a21a6,12.675
ACT_5a6eb764-9d13-4e92-8d66-545fd2dc4bcc,9.837
ACT_5a856226-6ea4-481e-b302-eb6244c55f4b,4.78
ACT_5a8b8194-71ca-4507-b701-712ac39c1baf,11.377
ACT_5b0ec2b8-c5c7-4125-8ccf-6e32d5b898b2,9.919
ACT_5b372712-e5b1-481c-b7eb-a0b15512df90,3.394
ACT_5b48cbe7-b4e7-4fb4-8268-95c8457e9915,10.69
ACT_5b619897-d827-4810-8768-2307a8bc26db,12.006
ACT_5bb45cf4-2bc6-4b0c-8af3-fedc070ee781,11.599
ACT_5be616d2-7268-4888-a7d4-03413269f019,3.896
ACT_5c1a806a-6036-40cc-9839-2c79a6b829f3,3.47
ACT_5c2b9056-ff6e-4c27-ba8a-3b25341c5a72,10.299
ACT_5c34a3fc-c310-48b5-a6f6-f83f158169e0,3.498
ACT_5c767a12-1608-461f-86ba-a19de9816c8d,8.833
ACT_5c7c21d4-65eb-41ea-8db4-199e30ef0067,9.138
ACT_5c88a0eb-535c-42f3-9547-415b37275b9f,9.946
ACT_5c935a10-03e6-4c1a-b450-a040d3168e14,4.609
ACT_5ca55f07-48bc-4a3b-87ad-013774ed4dc2,14.228
ACT_5ca9c99e-e121-41f3-87f2-47fe0d1da7fe,9.338
ACT_5cec41c0-8796-4e25-8c16-8973204f4690,4.034
ACT_5d2e2d86-6ed3-4099-9aff-51aab7601dfa,3.439
ACT_5d6f34a1-2a71-4439-843d-21bdfe671e20,10.19
ACT_5d827d5a-118d-4439-8c66-a1635c250f98,10.149
ACT_5d8d0c3a-bca6-4bb2-a4dc-964a39aa5591,4.064
ACT_5e29db44-aad5-4921-ab72-b38e932df301,8.659
ACT_5e2a83ed-86fc-4862-b522-131470536475,24.537
ACT_5e814855-c593-4619-8eec-cd3dcf423be6,6.91
ACT_5e8ae6a6-d1e8-4cee-93b4-5dedea82ccd0,12.338
ACT_5e9c1365-bf54-4e37-a7b5-5d607fe9c768,3.566
ACT_5efe96d3-d38e-4e18-9b5d-08f26372440b,11.464
ACT_5f3f2e1b-b488-4600-afb6-de10499da3bb,4.268
ACT_5f5621cb-cfec-4507-a12d-067405df7ebb,4.207
ACT_5f597a03-aef6-439c-91b8-a1eab6f16361,10.698
ACT_5fdde0b9-0110-4c65-b1af-fcde941a5f22,8.508
ACT_6030706c-78e8-4217-800c-bd2297d0ecb1,4.571
ACT_60331385-35cd-4877-88f7-48634e7b6d0a,7.786
ACT_60b08a7f-adef-4459-885b-8f69f3f6d254,8.134
ACT_60ba7b61-6206-4e4a-961e-2ab402858e57,9.827
ACT_60c7ebe2-8619-4f2e-a4ff-f62b75035263,11.129
ACT_6103696f-7032-4de7-b12c-43e42a9ba001,9.041
ACT_615ee997-bbe3-44f1-b5ba-676569d6510d,7.139
ACT_61e8d02b-3f9e-43dc-9401-b72529209721,3.599
ACT_61f574a2-ae81-4265-974f-19644cdb9a9b,6.525
ACT_621a77e9-c9c3-445a-b2a9-b30580f7cd70,9.837
ACT_6237ca77-1189-4dd8-b43c-ac16349738cd,10.427
ACT_623e4f4e-f363-4d8b-822b-be4b336e8ec3,10.935
ACT_62878f02-276d-48a8-850a-bd3a37e82840,8.932
ACT_628d9acb-bf41-4fc7-a5b9-d7acb9959321,7.371
ACT_62974ba5-9a6e-4347-b425-38020e7f21ad,3.412
ACT_62adc1f0-6ff5-469d-9fa5-d85ef3f84e1e,3.422
ACT_62b0483b-b121-4f22-ba75-31fe276d5187,11.273
ACT_62ebc3cd-1021-41f2-9e64-3c99ea67739e,8.51
ACT_6303d0a9-b0ff-4564-a33b-c989d1c1443a,8.87
ACT_639eb931-3d96-403f-a09a-3fc09c4eead0,7.862
ACT_63bf497b-5a3e-4aed-8ee0-3dad4c889a05,4.219
ACT_63d36313-acfc-47b8-8468-d1fb6b62f0d2,10.476
ACT_63dccfa9-0f14-4c74-adb2-7abdd8253d28,5.559
ACT_64098f4b-2127-4150-aca5-6cd28b410b5b,11.953
ACT_64153331-a0be-4efb-890c-334bc52db1f8,10.357
ACT_6423763d-3665-468e-bd3a-a3361ad322c9,4.137
ACT_6437e903-3844-4642-9f93-ff94dfc8c935,3.323
ACT_64bdba53-e539-48a5-9c18-e4b048e95acd,7.26
ACT_64d6bf70-379a-4860-ace7-56f0d02ed652,10.428
ACT_651638f7-5f88-471a-b782-8619d38d61f8,10.161
ACT_655680c4-09a6-44a6-8480-2acb81bb590e,10.734
ACT_659654de-708c-46f4-bc5d-43d63799997d,8.076
ACT_65c170c0-1e36-47d4-8331-f4b431fe0250,8.937
ACT_65d2b545-6ccf-4d0b-b541-96aca1dc3e87,13.133
ACT_65fab69e-db3d-4fa4-9176-42afa7f6ee73,3.554
ACT_6627459b-1f45-4398-90d4-9537bda1e534,9.644
ACT_66e61158-9cb5-4868-842a-e3cde3c28bdd,10.566
ACT_6701b925-6b15-4104-bcd0-189e22abaf4d,8.717
ACT_6711fbe3-39ee-4bd0-b9e7-60f334306fdf,10.297
ACT_675f77d1-1a92-40e4-8a8d-80029fb505dc,10.992
ACT_67730cfb-d684-41f1-819d-fc5978de626a,13.848
ACT_67bfe6b0-91fd-4990-8b34-231ecb508aa0,8.352
ACT_67c16e5c-999b-4bc5-a1de-0b916ab6e0ac,12.849
ACT_67d5898c-d28d-48c9-82e9-8c9f033f8e93,4.464
ACT_67fd3f8f-f1ca-49ac-943b-97e79ea3e1d7,12.291
ACT_68175001-60e0-4edd-a8ba-a0303174cb79,3.401
ACT_685e2e5a-fd77-4e40-a04b-ded87bce5ef6,11.875
ACT_68606f0a-5aa2-4680-af25-4213264f8fc6,11.071
ACT_688f27ba-1061-4416-9f43-b4f31892681e,8.862
ACT_68aa55c0-bd47-49aa-8880-a85ac0e2b6a5,12.78
ACT_68d6ce75-0f92-451c-a6d1-39cf1b6ce37d,8.636
ACT_68d80c94-fa87-4dcb-9121-6a9c07f7de2e,11.395
ACT_6917f010-6210-4f5e-abed-da085446327c,9.325
ACT_693b9afc-a466-4e38-8570-3b8312a005b6,10.22
ACT_6955e180-7d5a-4e45-985f-047f463bc3ba,5.594
ACT_69c38359-7c2b-4edc-90cf-6ae0ee354693,11.332
ACT_69fe111c-0d2b-46a3-b918-d4c97cba7abe,9.625
ACT_6a0d07ae-ef13-4c3e-a06f-b773faeca887,8.148
ACT_6a35660e-c8c1-4d87-a924-ddc68b2b95b8,9.151
ACT_6a3c2201-e44e-46ba-bb7f-e2210bd35257,3.692
ACT_6af6e6b0-fef5-44c5-8972-4eae252be19a,10.681
ACT_6afebd92-67a0-4ffb-a0b7-c19729e1ec38,7.371
ACT_6b066d9a-42dd-4df2-805b-959f8852586c,8.315
ACT_6b29b7a8-5ff1-440b-a871-f42520ec87bc,10.444
ACT_6b670443-29eb-4fc5-8dd3-91849eb26035,12.293
ACT_6b93e663-cc2d-4c98-b212-a9717795d2a6,10.687
ACT_6bbbea80-ab68-4dcc-b0e4-a2f21b36b2fd,13.15
ACT_6bc1c36b-349f-49f5-a7a8-2e3929b0436a,9.365
ACT_6c1f804e-96ef-4055-8a78-20ac6c76bb21,10.907
ACT_6c214b58-aeea-451d-b316-757beec761f7,9.058
ACT_6c48705b-8171-4865-af79-4fb870757c06,10.449
ACT_6d187e14-7457-4873-9d74-9542c758f92c,9.87
ACT_6d347f0f-6f25-4833-bc7c-3855d9fa24f0,9.542
ACT_6d3701f7-4a53-417c-8b0a-b8f798aa868c,3.711
ACT_6d660fd3-fe85-4243-9fab-79656be74714,6.566
ACT_6d91de25-3630-4d32-97cf-c5241b6f01a5,9.541
ACT_6dfd1c35-296e-4dce-b853-db193e25fa34,13.256
ACT_6e12e0e2-b622-4f2b-b5f2-92d5966736e9,11.203
ACT_6e19a4a8-560b-497a-ae14-309d5e8a6c34,3.96
ACT_6e24a933-c31b-4b4d-ab5f-67431385a693,11.292
ACT_6e32ed4e-5d05-4967-9a16-7e4e33dbd991,9.73
ACT_6e3fe6e7-dd14-47ff-aa29-b1cfa6a25c75,15.471
ACT_6e4af8a4-291b-49db-8518-5827466f2045,8.477
ACT_6e6d8b9c-408e-41c4-b60f-c1dcc66a458d,9.422
ACT_6e6f2c43-6771-46f9-8ae5-97e6c68262c1,9.965
ACT_6e8ecca3-3d39-436d-83aa-a6874941a779,12.506
ACT_6eb4ffdf-5c74-4800-a5da-70b010015c04,3.241
ACT_6f3d9cf8-6a85-4817-8fb7-80855aa9d2cd,9.331
ACT_6f47733d-608d-4096-afc7-9442424b9309,3.741
ACT_6f4dd609-df25-4701-bcbc-d98e3d03f799,3.07
ACT_6fb0b189-db59-403e-a10f-8fccf8d9bcd1,10.396
ACT_6ffab4e1-eaa4-4961-bd43-b150e36c6484,11.295
ACT_70713ab4-d923-4cf2-97df-ab940ceae7b3,3.9
ACT_707bc7d0-343b-4e02-894a-fece3ac7ec37,11.67
ACT_709159f5-6d31-4332-a23a-d431e93fb688,3.825
ACT_709e3ff9-319c-40e2-9662-acd6ed03737f,11.556
ACT_70a98e33-1396-4cd2-90fd-fa28e2dc3e82,11.714
ACT_70e1eb65-cae2-42fb-98ef-d4ed6831ee43,12.64
ACT_7101a308-3e39-4d0c-bb91-97319e1e186a,11.365
ACT_7120d8d0-a6ff-453c-b37b-cc2b2b2bd836,9.53
ACT_7167fca0-d21a-4f91-8545-1382e8702473,6.805
ACT_71a60650-763a-4b69-99c5-eb8451d188ac,11.11
ACT_72389c74-0944-4594-82b1-4e3b83a213cc,9.48
ACT_7256c13f-417c-4641-b880-2d1beac632bb,4.619
ACT_726682aa-fd82-4336-9654-81a5523829ac,9.315
ACT_72a93612-ce87-454b-b390-207622be3234,9.358
ACT_72d1185e-aa8c-448c-aa7b-f0357f1a536e,9.442
ACT_72d83125-a017-42cd-8b0a-db2f3bb0989f,9.858
ACT_72dbfd46-04be-4cb1-acc1-3caeed3090f5,9.276
ACT_7346e798-51c3-4b22-a306-da61d05d5814,3.721
ACT_739f3d78-cc10-4771-bc3a-b44750a1360b,11.823
ACT_73ef0b78-4ba2-4931-a2b4-1f74d5b84bf3,3.455
ACT_7405a00e-a278-4cdd-b940-3cb89a3aefcc,6.296
ACT_74060726-3363-4de4-bdb3-ae0a2bc06e74,10.029
ACT_740ec236-cbda-455f-93c4-7ba82e1e5d71,10.444
ACT_743afa19-269b-4b47-88fc-cd25404c9364,3.731
ACT_746667e6-ffb0-4a0e-992c-b2628aa712b8,9.337
ACT_7485cdc3-f5d6-4a71-acf0-9459fb61eb3e,8.636
ACT_74ee3c0c-62a4-4a0f-8308-579215a27916,3.752
ACT_75052f95-d269-41f4-a0a4-9220f5d8f201,3.688
ACT_753a92cd-6fe5-4a0e-85d7-db17070b0ced,3.934
ACT_754acfc2-9cc2-4cd8-842d-f5f00e20b3fc,5.09
ACT_755be493-207e-47f9-8f2e-d7451df7eb32,11.443
ACT_758160fc-35b4-45f6-b1f0-e200e3707d55,2.458
ACT_75a2ad06-5f3e-4f36-9561-194236ce214e,11.087
ACT_75de2d12-53f1-4861-9f1f-dcc6650e9b3c,7.634
ACT_76378e74-f3d3-456d-9df2-8fb8ca89df76,6.911
ACT_76df9672-111e-4b0c-ab37-dd7036b3db82,9.483
ACT_771cc2aa-d7fb-4ff5-a90e-7be16858f76e,9.485
ACT_7762ad92-be57-4443-bd82-488ef97e7baf,12.891
ACT_7772b733-f4b4-4221-a7aa-d924b9ab39f4,7.884
ACT_777f3763-4ddb-4927-b921-12d819cd6bb0,2.933
ACT_77983f1d-e41b-4d44-a6c8-0967c5695cf1,10.618
ACT_77bb443f-b97e-493f-8c57-d078ea3d0924,9.307
ACT_77dca9dc-f79d-4280-aa4b-a0ea084bd6f1,7.998
ACT_78035fcc-dae8-4ee1-9fd4-16ea1c980a4c,5.394
ACT_7869ce11-f346-480f-b254-104ec44887f7,10.892
ACT_78bf098e-c5f6-420e-b9cd-db8892be3537,3.473
ACT_79299784-7f32-467e-a9c1-7a14830e6c5d,3.65
ACT_7942eb3b-3cc4-4858-83e4-598ef48a0e15,9.012
ACT_79991b60-2abc-49c5-81aa-8accfd750967,14.923
ACT_799d7c3d-7b52-45ae-a912-57def914bbc0,12.228
ACT_79fb9252-6e4e-44a8-80f5-20c033f4c318,8.116
ACT_7a1e6ed7-5c0c-4d11-bdce-1e02c7290941,11.442
ACT_7a280250-b57c-4ccf-90f3-44048b951639,11.437
ACT_7a31adf4-c76b-4ebd-b567-bfadb7537fbf,4.035
ACT_7a74fa19-db6d-4760-90f2-0367b89665a3,5.065
ACT_7a7bb3b1-84d1-4e2a-9e01-8ad9b5642141,5.803
ACT_7a92a81a-090a-422f-aad8-b006a00d5d96,4.222
ACT_7adb85f2-4b56-4d0a-ab3c-929cc661a0a9,8.867
ACT_7aeae15e-841f-4484-bf45-cd0fb9614be0,11.531
ACT_7b03d307-194e-4bf5-a8aa-6a19a1c9a256,6.534
ACT_7b379e01-cffe-40bd-bfa7-b3682ae0de25,7.642
ACT_7b6007f4-c52f-4e4f-9e30-04eec881f28e,11.874
ACT_7bb5041e-67cc-4014-806a-03bd05e8b608,7.418
ACT_7bb5b39e-04e6-449a-a459-c9f3fc7172b5,8.134
ACT_7bc0d6a7-9450-4ef9-8efa-c4bdbe6d2929,9.708
ACT_7bde07c1-b41c-48f3-af1a-12a144feaca8,8.49
ACT_7bffe0dd-351f-431f-930d-59d4a9076a74,9.243
ACT_7c29d8c6-fbec-4f7c-81de-b4b3de40a414,3.784
ACT_7c3cebdd-6e69-4107-a87d-7c5e4c4711f0,4.465
ACT_7cf2cd51-f07d-4fe0-82cd-f7e1514afc59,7.26
ACT_7d2371cc-bf9b-4f4c-9dcf-be7c20baff86,10.551
ACT_7d39244d-4440-47d7-9e5e-463549157384,8.373
ACT_7d478b2a-c3c2-4844-af8a-f32192bbd67d,9.117
ACT_7d563374-2731-4c3d-96f8-6625293eee51,12.536
ACT_7d7fd9e1-45b4-4be4-8f10-c376531f9b3d,11.379
ACT_7da14774-4793-44ef-8a73-725264660e5e,10.352
ACT_7dfffe58-89c2-41b0-a23d-a7a2d8c76b38,5.206
ACT_7e02b08c-e66b-4751-a2de-65f460da4596,13.439
ACT_7e420d31-e580-4712-bff9-26ec577ace0e,3.024
ACT_7e914901-fbc7-493d-a646-c175dc91c21a,4.711
ACT_7ed835d5-49a9-424f-a1e9-a71133cd742a,4.323
ACT_7f2ff087-4dc6-43a9-a414-19f0b75d3e53,5.101
ACT_7f4deb5d-61c4-4c85-8ad1-9d38afa8909f,7.819
ACT_7ffc7999-1397-43ab-add8-ceeec2012961,11.445
ACT_80064175-3e41-42d4-83fd-8716bf1b6296,10.667
ACT_8012b573-4406-46ca-8ae3-c59ce3392def,10.892
ACT_8027c7b3-02f1-491c-8aee-0613db5ba46c,9.718
ACT_804d743c-d623-44cb-9a86-14362b796999,9.647
ACT_804ec7db-c71c-4bb3-8833-f267f18cf3ff,9.114
ACT_80c412db-0269-43b1-97c7-ad2e706cb547,10.742
ACT_80cc992c-c616-4b2b-8ddb-bc5698ca3ca7,7.732
ACT_80f4e679-5730-47e3-9da9-3828db86129d,16.109
ACT_811040cb-4d36-40bc-bac4-22d6119e8319,9.578
ACT_813e870c-4dbf-4c64-954d-06d244265ac0,8.467
ACT_8166d04b-916c-43e7-8ea2-9fcdaf44df99,15.367
ACT_81ee76db-5be9-4ac7-97da-669ce43c84cc,3.297
ACT_81f570ca-5e0a-424a-8816-3c860b38977d,10.311
ACT_8203e8fc-825a-468b-898e-9e40b67446f7,10.652
ACT_821c9ce4-e9ce-4173-8f8f-59081f1e4e8a,5.384
ACT_82573299-9728-48d6-9dc3-079facf2603f,10.609
ACT_8263f6e6-28db-47be-8247-aec2375a192b,8.537
ACT_828967b4-43f6-402b-ab89-925b08f19dcc,10.756
ACT_82a22002-33b1-40b6-8951-6acfd20718d7,3.816
ACT_82f8ef86-e2b0-442c-ad60-ade7d4b7c70c,5.256
ACT_831462e5-e087-4c83-96bc-029c73d8056e,7.139
ACT_8326de38-1b05-4150-ade8-952a6f51091c,9.052
ACT_832e9234-51f3-4641-8314-e79653d6289f,10.511
ACT_839da2c3-bcdd-49df-93bb-7565fc388752,4.138
ACT_83cff6b6-3438-4fc6-9ea7-336c77700961,7.021
ACT_842cf2dd-85b6-449e-a835-151eed0fbb82,11.222
ACT_8460c10c-f3ee-4abb-b29c-59752a085669,9.369
ACT_8532edeb-3f41-42e6-a486-161b6d271a85,10.758
ACT_85772c95-cf1c-4c74-b52c-58eae81087db,3.929
ACT_85d85bd8-8144-4c9f-b6c2-ef171d2ca840,10.164
ACT_85f9204b-bc59-4bf6-91e1-e38ff4f20e14,9.694
ACT_861e7827-03ed-4334-9723-fad2c0fe2ea4,4.308
ACT_86358b19-b03b-4d39-8d1c-0d20378c5963,16.605
ACT_8649bf3f-cc7d-4524-89ab-6acd1547bdf9,3.191
ACT_867714f2-1b26-46dc-a7c1-c3f8ec236b19,8.614
ACT_868f7326-36aa-4a85-b329-2cc8a4ed579b,7.616
ACT_86f06575-82be-4c96-9f4f-17640afdb59b,3.754
ACT_8708ab36-27ae-4687-aae1-cbcbcc37728b,10.363
ACT_875c16a1-7d7b-4f96-bb00-2c57f20491ed,5.735
ACT_8792987f-a0b0-461a-a807-9cc5d3232f78,11.395
ACT_87cb40f3-1bd6-4730-86e1-1d84f0806350,10.742
ACT_87cbdc51-83f2-4e35-b604-4c244e52c156,4.613
ACT_87ea7522-55f0-4d03-86f8-f6300a7d6ffa,10.583
ACT_87eb366b-65a2-4e2a-9f3c-5a3a11c8302f,10.296
ACT_88c9385e-c571-4696-bb29-e2e34d93c584,4.701
ACT_88cd9ac7-b098-4e6f-a493-8b65127aa4d4,2.577
ACT_8901ec99-b562-42b5-80c6-f32424a7b719,10.811
ACT_8937044c-478c-4785-9335-91f1061b7f15,8.039
ACT_89d97800-05ec-4bd8-ae4e-e53ef13fafa7,11.472
ACT_89e0893f-d886-4a99-9027-cd09face39c8,2.816
ACT_89e7366d-8039-4310-8858-87845ef1a26a,10.71
ACT_89fbce9d-3c61-4351-8d5a-992547b881a5,9.358
ACT_8a02e949-d341-4b8a-ae7a-4ac8ba007225,10.726
ACT_8a262d28-e812-4db4-aa90-b1cb26b661a9,8.225
ACT_8a295e0b-0f00-4f77-9020-14a000ad4156,4.721
ACT_8aa0a9ef-1aec-4d5b-bb91-953a61952a8a,12.046
ACT_8aa6983c-797d-466b-a081-03ed9880cac3,9.363
ACT_8ad905bf-061e-4e4a-97bb-7272d8e82d35,9.833
ACT_8af05905-fa0d-4737-a07e-2a010bb53f22,9.005
ACT_8b00b7b0-67d2-48b9-8314-faeff17b4ab8,8.018
ACT_8b116dc9-2f69-4401-a200-18761ff08cd6,10.525
ACT_8ba04226-42c1-4722-9b82-96b0e02a2e90,3.275
ACT_8baf00c4-c1de-4d74-ae9b-7da44157930c,12.637
ACT_8bcc518a-0c27-4556-8809-bd8e7ef657fe,9.309
ACT_8bce02c0-fa44-4c65-b492-42e122bc9282,3.624
ACT_8bd26a1a-62fc-47d7-b3de-fcb8f961384f,5.427
ACT_8c19ba8a-819f-405e-be6f-b50064df980d,10.248
ACT_8c32bcb6-6169-4d8d-98e3-efecb2b63187,9.127
ACT_8c567e54-7cf9-4a64-8785-f431dac10be6,2.958
ACT_8ce76b86-e415-42fc-a241-9af46f3a2a11,12.695
ACT_8cee7966-42be-4032-bb45-6c1d42923a67,8.184
ACT_8cf96c49-1257-428a-8aef-e0d322ba8830,11.732
ACT_8d307218-4405-419d-8a8a-4eb12dfedc9d,2.967
ACT_8d6f0427-4cd9-4d85-b100-2df26682c0aa,10.145
ACT_8db3c4cf-42c0-4630-b1d5-96f072f4d154,10.877
ACT_8dba2e24-3ac6-4dda-b79d-270ad29ecd22,13.336
ACT_8dcbe8be-579e-453f-880d-98b2ea643a38,9.993
ACT_8dccfb76-77c9-4403-899d-9daa083d6a32,7.527
ACT_8e080f9a-1bb3-41b6-969d-4323ad0f2ebc,9.848
ACT_8e1b2c6f-0492-4e60-b2af-8f410851a2a2,10.029
ACT_8e79e102-c234-481f-8fbb-c177b1f55168,10.976
ACT_8e8315d4-9628-4038-bf0a-b70900cf058c,4.827
ACT_8ec46050-f63d-4bdf-960d-d99b76ce8afd,10.631
ACT_8f10043c-71a6-4861-b004-b513de605631,10.39
ACT_8f14e5cf-f5b5-46ba-8f8b-7f84b061b9d8,10.614
ACT_8f8ff775-5078-4615-ab93-286c8f821836,3.478
ACT_8fb744ed-96c0-4b86-b5f2-ce91d873b82b,9.941
ACT_8fce94d9-4512-46ab-b0ad-f51b9ff1f11d,11.887
ACT_8fd42974-59a6-48cc-97b1-832df48f7fb2,11.444
ACT_8fd64968-265d-4cde-9a2d-e27aec9e5ed7,7.219
ACT_8ff8f0a8-b51d-41b7-a719-84e8e12d1204,13.514
ACT_90085802-bc0f-4a6c-94cf-c5ffaff84de5,12.123
ACT_9024f411-c4c0-4459-a417-34562f8dfe11,9.701
ACT_903cc44a-bddd-4029-a377-ef08be9cb842,12.225
ACT_9057e118-0970-4ce8-a2d1-e90941b45414,7.054
ACT_9070c287-f86c-4e94-a2f4-977f7b70e965,6.044
ACT_908e232b-517a-4a05-b02f-4fb065128744,5.858
ACT_90a47b31-6c99-4807-8d29-50a445d6c62a,7.591
ACT_90f968b5-e634-48e4-982c-469917f9c580,10.104
ACT_9140189c-76ca-4a06-9be3-0a2607be8f1b,8.322
ACT_915d62dc-4430-4b3c-98b9-fbc4bdada41f,8.755
ACT_91c94d63-be8c-484a-b9de-f8dc5024a474,13.809
ACT_91e75d04-553c-454e-908a-45fd39dd2075,10.847
ACT_9245dbf7-a0d7-4048-821b-024ec426bc8b,9.293
ACT_924ea4fe-cf42-44d1-932e-b8448ec6b447,6.249
ACT_925fc003-f42a-4bf5-9c61-095c034936b5,11.802
ACT_9263d40f-680c-4ac5-9e94-a2d2a18789ec,16.605
ACT_92cc8b13-1bf7-4cf4-8169-04f23b88de4f,7.927
ACT_93250fcf-e9d4-40de-9693-cee7038d6e05,10.776
ACT_934c9491-97a6-40ed-83f6-17f92637eef5,10.107
ACT_93511c80-84c5-412e-a15e-dd075dbfdf46,11.326
ACT_936f8b9b-f14a-491c-915a-77750cc84617,8.552
ACT_93724fab-541e-4faa-865f-2203ec316c0e,9.548
ACT_939e8666-0fee-4604-b1f1-e2fd5c94bdd6,14.811
ACT_93cfbf97-a3f2-46f6-afa7-71604f1aadec,9.91
ACT_941896c4-60f5-4740-b200-2935af741e8a,9.917
ACT_947fdead-31ee-4563-9756-52e57ea69d3c,10.43
ACT_9519a1ec-368b-44be-8a47-5ac95fdcb51e,11.537
ACT_953e3cb6-ded1-4632-be82-355cb749c32e,11.104
ACT_954eac29-decd-4d5a-a52b-4d40876023c5,9.214
ACT_9555df29-40d0-43ea-86e0-1d20559e15aa,9.935
ACT_957c8be7-4077-4198-afb5-89f22866a69d,11.358
ACT_95c53003-bc49-44c8-b0da-f24601c28ce9,11.215
ACT_960ceef7-3cd8-4e1d-9c7a-e799ec0dc639,10.657
ACT_964e7576-59b1-4b97-ab29-028b9c6c7168,10.107
ACT_967fd172-0ccb-4712-a0c8-b847f5a23cd7,7.132
ACT_96b90235-9633-449b-9c2d-a6cf8d628ee4,8.657
ACT_96ded12b-7ca0-48da-a22b-5594612c5187,8.591
ACT_9700ba36-aa95-41f9-b44c-899054df8e22,13.836
ACT_97037592-1f7e-44b3-ad16-a8454ecd17ba,16.443
ACT_973b5fed-7673-47ee-ac93-40a914a01b99,12.206
ACT_973d161e-2712-495e-9b9d-0aa31ab5c14d,11.026
ACT_980033d3-3324-4fdc-97de-d0ce601cf41f,3.253
ACT_980d2f2e-4627-4adb-8851-89af7f6c5eda,8.774
ACT_98836013-7193-4d82-bead-356d96edbe6e,8.272
ACT_98bc7045-ed82-4c9e-80ec-25067bf7c076,11.204
ACT_98bd5476-6301-49a1-99c7-f5c076dc4afe,12.246
ACT_98f76ae4-5ab5-4ff6-bf66-7902fadeaff5,10.275
ACT_9923ae9f-f9c9-4938-b38d-a878aace9125,11.125
ACT_99349c0b-540f-4709-a88a-07c2de468ef2,5.405
ACT_994d1dba-df65-4168-b303-41e5acbc3c17,2.739
ACT_995fdd41-9d87-4592-a2bf-4430bb6bf911,10.287
ACT_99a7f1ac-e134-42c0-abfa-39409a724909,4.445
ACT_99be3e22-a30e-4fcc-b569-8dd744346209,11.293
ACT_9a004b8b-f8e6-43c3-9cff-e6ca6af5c149,8.745
ACT_9a01bfdf-af32-46a6-b7b4-555982d48f73,2.825
ACT_9a18da2a-5da2-4c2a-a19a-d39ff15d90c4,7.225
ACT_9a361fd8-8b9f-4f50-8c5d-50970a68f574,3.308
ACT_9a3d7e5e-26d5-4f74-bf92-ef7e5561d0d3,4.226
ACT_9a879844-d072-48a3-b2a3-4dc0b4b5d1b3,11.872
ACT_9ae755e7-a9e9-44cf-a21f-1e3a361d45cf,9.992
ACT_9b0f4958-7e85-435f-957c-cd606d53bf67,8.878
ACT_9b2b4e0e-018e-4e43-a82c-f9b5ace1c071,5.955
ACT_9b5d83d1-c07d-441c-bcf3-0fd0ecf16026,9.784
ACT_9b624739-09f5-4a38-a227-2bc72609647f,8.214
ACT_9bb9cb9d-c1b8-44ae-984c-317ca9bc9271,13.857
ACT_9c6210ad-25b2-4dba-89f9-b34833ae82d3,4.124
ACT_9c6f783a-da95-4786-abca-ba58c6955167,8.297
ACT_9cadd3c2-6f4a-4aba-84f4-b021060fc01e,6.76
ACT_9cc04c79-ccf7-4a89-899f-e4d6c8627581,12.593
ACT_9cc55439-4d39-4642-9306-ee315d2bfbd0,4.182
ACT_9cf07a7e-b7fe-4cf9-a400-4845f4b6e62c,9.837
ACT_9d193211-5f57-4dcb-8a02-53530a61fec0,2.983
ACT_9d1e09b7-8527-4c3e-b167-22b6ed34b54a,11.986
ACT_9d396ee3-f50f-4890-a00d-3e917085b6c1,7.268
ACT_9d638df3-2018-45cb-a078-91edb1be8866,6.842
ACT_9d7453f3-f5e6-4c62-b26a-91d4c9c9c2f0,7.489
ACT_9e0579a2-f71f-4c13-9f4a-35e3053fc026,12.347
ACT_9e1239b4-c50d-47d6-a668-7d559fe7c138,3.794
ACT_9e2bf2d0-139e-4f42-bd1b-05d3c1451897,6.972
ACT_9e343de9-b8b4-4efa-a647-41a505b99c46,8.939
ACT_9e3a7092-8095-4799-a90a-494723345d80,8.181
ACT_9e87ec1c-42f5-4c46-80f1-53d5b29d3c65,11.342
ACT_9e937bda-bae0-466b-ae7b-8c56bcf4e347,9.646
ACT_9ea6ae89-587e-4e0b-8da3-05795897366d,12.045
ACT_9eb8b29a-49ee-4075-b0a3-ef6e8efc906b,7.319
ACT_9ee4e39e-09e4-4a3d-b8a8-1bfcabe8b486,8.205
ACT_9ee6c41a-fe6b-4192-9b3a-4c7f6d43b3c3,4.238
ACT_9f234a22-e1a9-4b07-8fee-12cb06fbd4a1,11.594
ACT_9f3ca811-8339-40a3-9645-3e5d5ced2cfd,2.824
ACT_9f419f42-6b19-45b4-8f60-14783a9cf652,11.889
ACT_9f7163aa-bf0a-4283-a09d-17274a3be98f,10.758
ACT_9f76d2f7-2abd-4aa4-a105-347b0e31e10f,7.554
ACT_9feed9c2-8196-4fec-b702-75486abfe130,8.373
ACT_a00a8993-6371-4d6c-8167-650847295e19,4.146
ACT_a042968a-6059-4308-bb44-04dc7c86e836,3.913
ACT_a0c79bc4-31bc-44dc-850b-5a07d3c5a7a4,10.703
ACT_a0cbd943-cf55-4422-a6a1-d47f09757770,12.138
ACT_a11569bd-8ac7-471c-bbb8-9b3e44af120c,8.45
ACT_a126d22c-388b-434e-9b2c-d96e3ed1679f,9.955
ACT_a1bef386-756e-442a-9f5e-518606432f72,10.194
ACT_a1d98634-b148-4919-848d-9272d7b57fe8,10.838
ACT_a239d223-215a-4b6b-a48d-f54b507ee6c8,3.238
ACT_a23bc2b5-b2ff-48c6-818a-15dee0bbcd41,12.217
ACT_a23e18a1-81d4-4851-8c9d-12847c45c7ed,9.519
ACT_a256e892-5134-40bd-8949-ff3539446581,7.142
ACT_a2aeba07-498e-4605-b16d-102366832f46,2.939
ACT_a2c4ded8-19fb-4d34-8471-3b1df117c0de,8.153
ACT_a312cb51-29d7-4a7d-933b-fa83be6633f0,11.043
ACT_a32a4dc7-4f8f-456c-b47d-f312a7a8605c,10.229
ACT_a336419a-9754-4e7c-abc5-660d3b23caee,3.812
ACT_a35f0c32-44b7-4a56-ba3a-3004d9fd6f5e,10.652
ACT_a3660da5-9497-4a5c-8ab5-17f7fe15ed7b,9.987
ACT_a37accba-c8f2-4a91-b42f-b430b40d1922,3.543
ACT_a3892dc9-e086-4d07-9679-c75854099ca0,10.375
ACT_a394d6f5-3db4-44eb-82c0-b18b5e81ec08,8.326
ACT_a3ddc652-9d97-466f-a7e0-71c863145785,8.451
ACT_a3f8be8a-9d8c-4994-9579-5dec15675ec0,5.06
ACT_a3fb28db-dffc-4232-be47-d3b621a17abf,10.138
ACT_a41ec265-bffa-4ef6-a716-03a10b8da92f,11.575
ACT_a4355e92-f525-4455-85b3-feae8220fc68,9.363
ACT_a43676f6-b7be-4e10-98c9-ddd947fcb789,9.987
ACT_a4550589-a712-4a65-b0f2-b228aaca5a80,10.69
ACT_a479ba58-88c0-441b-84a8-b3e82a4ded26,3.494
ACT_a4884368-08d0-4dcd-83a4-dd055d5b81a1,3.361
ACT_a4dee5e1-3a8a-40fd-ac22-de0bfec03fb6,14.199
ACT_a4fbbfbd-4483-4f0b-9d92-e270f578f737,8.85
ACT_a51a1fc4-3b6b-4bf6-bb3b-028f95cb59d9,10.225
ACT_a545f6b7-8d88-4bb8-9021-d917adae5f68,9.237
ACT_a5584072-9310-493b-974a-875d79182cb7,14.262
ACT_a57ab4e9-487b-4dd6-ac6d-4a63b3f6512b,3.571
ACT_a585cdc4-d641-4a5c-9198-fe89b96883bb,1.723
ACT_a63485fd-e151-4683-82c7-7889afe7c74f,8.334
ACT_a647722f-cf30-4473-bcbf-4404cc3dccdc,8.665
ACT_a64f0444-a2cc-4ec2-9131-e42096175fe3,12.214
ACT_a6549e19-b1ca-4efb-8eae-93281f563983,13.979
ACT_a657c5d5-eba2-4bb3-8c1c-1160ccf96d94,7.864
ACT_a6844c85-4041-4cd3-bc70-f6abebe0399c,7.739
ACT_a6a55795-4b24-4f20-b434-ea9e84916ba6,5.739
ACT_a6b70b4a-c65f-499b-894b-17e48ca3c264,6.895
ACT_a6d68689-8d52-41c5-b9a0-aab721af9297,12.088
ACT_a6f6a938-4f2d-4cc8-bd6d-59ec50465ead,6.053
ACT_a78c9b50-0056-40d4-bcd3-5ccae8504f07,10.275
ACT_a7bbbfdb-ffb0-49b2-95c4-a06abd16b988,10.508
ACT_a817e635-b5c3-4699-8e43-95825fbc8574,7.607
ACT_a86bfbd0-75b7-4c07-a145-fb4aa6a32846,11.727
ACT_a8a37efc-19e1-47e9-a792-f58da1dc37d8,9.516
ACT_a8adcb7d-45e7-4173-b0bb-dbf22c41edf4,6.92
ACT_a90d3a75-b2c7-4412-a54d-5248b67c9e36,3.361
ACT_a91ba25a-c1d7-4b32-ac94-456601badca1,12.181
ACT_a94639bf-5a92-4141-8ff7-b5033c68e34e,11.721
ACT_a951f840-b4f1-4d14-a326-51605980f71b,10.492
ACT_a9e04ae1-fd8a-45e2-ad76-d9ad17f8f39d,13.288
ACT_aa109dfa-ccc1-41a6-a789-335a675a0bea,9.166
ACT_aa45c1f8-62c9-47e8-b03e-0e0c4fd6b975,14.106
ACT_aa530f03-a7f9-4f7a-b44d-c6dbf9fa12b3,7.657
ACT_aa56ba71-2ce2-4df0-8635-f281d236d82a,9.318
ACT_aac6f8bb-5e1e-4dcc-824d-2e7f1f524bf0,11.806
ACT_aad4add7-327e-4c3e-bd04-955254726338,9.122
ACT_ab0c272f-4597-426e-9db2-89defe965575,9.678
ACT_ab2a85dd-6ae5-46db-8ead-ac4ed8038815,11.772
ACT_ab542e33-69fd-4356-adbf-9e6d8ded5105,10.323
ACT_ab87eb73-75c7-4787-b930-2934e151de25,10.536
ACT_abaf39c7-c97a-45cb-84b5-e04d617deeef,12.542
ACT_abdfb982-e236-4499-8427-c80927db317e,4.903
ACT_abe9254f-6dfe-49d1-984a-965c5375fedd,5.282
ACT_abf319cf-7893-49b7-8edd-b0ab1d71293f,10.903
ACT_ac0b5762-bbce-49ba-bde4-89f2d062590a,6.572
ACT_ac771beb-3375-4113-8350-c47cfceb78ac,10.532
ACT_ac8ffd03-f43f-458a-ad4f-2a2c5d6ccefb,8.364
ACT_ac965c5e-7fb9-4a1e-bc02-be95f5bea802,13.768
ACT_aca79e86-1541-41eb-b252-444b9ea45793,6.411
ACT_acad36b8-fec6-4d64-9576-25d2db74e4af,10.026
ACT_acaeb763-410b-45c7-b22b-b7ff00b6a5ef,6.396
ACT_ad071e03-f1b3-4b07-88bc-f529d24b89db,9.008
ACT_ad6182bb-9d06-452b-932c-7084df4fe54b,10.0
ACT_adc1e6be-3eee-4d78-b6b4-4bda6dcd056c,5.251
ACT_add93597-714d-4cc3-824f-76ad18b9be6e,9.172
ACT_adf29a8c-02fc-4117-a5ca-7799fc7cc735,13.794
ACT_ae2edce6-f80f-4cdc-ae92-a58df584a937,7.358
ACT_ae3516af-9763-406c-a1a2-e47ae1061639,10.035
ACT_ae783202-c99d-43e7-bb09-8b0c5ecc9291,12.328
ACT_ae94e2c3-285e-471e-8779-f16fce869e6f,7.124
ACT_aea01fa1-a99f-424f-99e8-16badacb6b6a,10.947
ACT_aea846c0-dbd4-4ec0-978c-ea886ab03df2,5.722
ACT_aed26b01-3abc-4db6-a445-2f2f3a4ff398,9.488
ACT_aef15596-e358-4ab6-a81f-b6df802ef9cb,13.921
ACT_af5794a2-d96b-4907-a698-2c135fd2ed63,3.716
ACT_aff33958-ca48-4e7b-8f36-51e50f795f7d,8.262
ACT_b0340d1c-f893-4f04-bf04-74231e0e5e04,10.759
ACT_b03c30cb-1696-4e40-bc35-264612dddb58,9.376
ACT_b08ce6ef-b563-46c4-83a6-913ce1889216,5.405
ACT_b09de85c-8678-419c-9b51-480229fff8a3,4.206
ACT_b0bfb3fb-2877-475b-8783-142b9b106b19,7.605
ACT_b0fe8243-6249-4dad-b351-c5b586cda99e,6.567
ACT_b11dceeb-7569-4877-99de-cbb43737dff6,8.713
ACT_b145e9f5-a389-4c3f-8d6f-b97df8c9b5da,11.751
ACT_b1a4d174-1790-4ee1-a643-d6a1000473e0,4.007
ACT_b1c9a5a5-ada2-43cd-8df1-f89a7cb8843a,7.303
ACT_b1ceb5b9-def4-4b09-b3bb-c0e38573b1ed,9.43
ACT_b2049f55-da7f-4bda-be7c-e2c75dcc8718,9.564
ACT_b297615c-9f3b-4b7f-bae3-23d985eba70d,9.073
ACT_b2bdcea0-6ff9-46ee-bb28-7a398703c907,3.949
ACT_b307fe85-131d-4024-8009-9f884378dd15,12.984
ACT_b3246dcb-9a72-43ae-82a3-b5cf99a08391,10.782
ACT_b32b1d2e-3c4d-43bc-b98c-62415ac44cca,4.547
ACT_b34de936-7524-45d3-834b-abe38ec509c0,8.699
ACT_b3618ac3-6661-4fcd-9e3a-3ea4ff4f7ffa,6.955
ACT_b36b56b6-f5ce-4e73-a919-8e9db108aa82,3.35
ACT_b3788f54-208a-4f78-94ba-e50b77f6201d,4.249
ACT_b3933b42-dd97-491d-8ea5-eaaab2d89a67,13.545
ACT_b3c36efc-62c5-48ee-8fbf-a4e4032e0e00,12.143
ACT_b4270c0e-8485-45ec-ba42-c6af057352d4,3.117
ACT_b45c7c4e-ad72-4dde-83da-0c7cc8d2e14a,8.893
ACT_b4a1c36c-bad3-4f0e-bb8c-a9bd66e7b23b,4.289
ACT_b4a43705-2574-4e43-8b70-53562ecb4eb4,2.979
ACT_b4c70522-2e40-417d-b786-dfe474443947,2.844
ACT_b4df5eaa-7929-4187-980f-718079e4b06c,9.168
ACT_b4ebf7ae-3eba-4e6a-9f5b-6270129e9416,6.592
ACT_b4eecbbe-aed6-49a9-8611-c843303367fe,10.7
ACT_b5385607-9eb2-40de-bb8a-5971cb4e964e,12.254
ACT_b5b05e17-098d-4e48-b8ed-182c61c1ae88,11.852
ACT_b609e535-bb7b-4f67-957b-b5c31df420af,8.514
ACT_b61a016b-ea1d-43aa-9f33-98b42f53400c,3.861
ACT_b6547c07-13ad-4f96-b294-bef7311a6c91,10.757
ACT_b6ba2726-2e89-4415-9a98-699d727070a8,4.219
ACT_b6c4f838-4080-4b3b-b9e4-8b73715489a7,9.705
ACT_b6d3e6dd-b522-4979-941e-8ab0310abb43,8.225
ACT_b6f5b9f3-cc9b-4dca-ae61-40964d82320a,12.782
ACT_b72e386d-af3c-4bd9-8bcf-fc1d2bcd72a1,11.149
ACT_b737cd5b-11b9-4b3f-9618-9bf38c1ebdfa,12.887
ACT_b76f69a8-b364-4614-be06-20ee317ea9b3,4.662
ACT_b7a5303c-8684-41d7-be07-2168751bc2f1,9.944
ACT_b7d68b17-fc53-4682-9bb5-22c73073120a,9.823
ACT_b9c8fd19-711d-442e-90ad-57e757cf681c,7.177
ACT_b9dd74da-68e8-4c41-a553-c888dd55efe3,10.419
ACT_ba95d9f9-fb16-4c15-81bd-e631ad3fb6ac,10.067
ACT_baf13e4c-e001-4389-b125-80402d6fef71,8.192
ACT_baf4812a-befa-4a9c-9d37-4005653397a8,4.74
ACT_baf9c0e9-951d-45eb-b4fc-9053929ef745,3.298
ACT_bb2be9ca-b1a0-4944-9f35-37f67cbe6e78,7.523
ACT_bb4384d3-29d2-4bb9-91bb-bafe1edb8d60,9.095
ACT_bb9bf80a-f519-4092-91f2-d4e2e557f849,12.138
ACT_bc4426fe-c843-4f28-a98c-98106c42c8a8,11.789
ACT_bccd85a7-0c95-4f2e-a4fd-7383f2464b81,3.575
ACT_bd03e60c-c3e9-4166-9b3e-983990bdd70b,7.547
ACT_bd16faeb-2352-4dea-9798-300d6b4e876b,8.146
ACT_bd486e4d-95ee-48a1-9c2c-125f7adccef5,11.524
ACT_bd58eeff-f7f2-48bd-917f-c227dfc70cc2,9.236
ACT_bd5d2986-4416-4a56-b638-b8f3a175e655,11.281
ACT_bde233b0-32c3-4874-8e54-0b2450e6c15d,9.85
ACT_be02faa8-b111-447f-843c-51e2f3c2e2a6,10.888
ACT_be03cd0f-4302-406b-87c1-7c43e1a8aaf2,4.551
ACT_be0d36e1-ed12-40e6-b249-72a12e731895,7.955
ACT_be1d1bd1-871e-484d-a6a9-1426787111c4,7.511
ACT_be21cda1-dd17-4b21-9618-dc6d11713883,10.028
ACT_be2fdf00-34ba-4633-8619-80e568a4b73a,11.84
ACT_be357fe2-af16-4992-850b-b6e4cce9de39,11.516
ACT_be52b2f7-d660-4936-b44e-9324f0a13372,5.901
ACT_be53198f-8bee-4bab-bb65-8b4352496832,3.88
ACT_beb48b8e-1a5a-4358-b5c8-18e79c6d79e7,16.94
ACT_becc780e-fd80-4a2d-9a80-54d3888d4abc,10.179
ACT_bef8ef30-9384-4c28-a511-8fa978b1b19a,4.466
ACT_befd5f4d-8b0e-4433-b84f-1b016211cdb7,11.007
ACT_bf28883b-19c3-4df3-ae5d-f4a8743b089c,9.758
ACT_bfd56d9d-e115-4fc5-b554-10cdeebb989f,9.939
ACT_c00d44ac-3624-4d3f-893c-4e9dcccddc22,9.617
ACT_c0353fa4-825a-46ac-a1a4-3b361b9ba31b,10.194
ACT_c04a9158-285f-41b1-b60c-49a5913a5c2f,8.073
ACT_c04b4eb6-0b65-467d-b1a1-c6e10ffe18b1,13.88
ACT_c0ca905f-2c76-4dba-8b5b-71064b9a9dde,9.065
ACT_c0d3f287-015d-485b-a055-1de0b1bce09d,8.483
ACT_c0edabbb-205b-4e84-b08a-6adcd3bee54e,9.317
ACT_c1712f02-f44a-49b0-bea1-ed23c0ea4f9d,11.42
ACT_c172105c-e589-4ab6-b19f-87c8860a45ab,4.131
ACT_c1830e0d-d6b8-4ece-94d2-c3e302eb41a9,10.317
ACT_c1b484e2-88fb-4387-8497-6ac382498a80,9.975
ACT_c1de3b6b-5904-4afe-84fb-033cc3f61ef6,11.353
ACT_c2203bb0-80da-4436-9fd3-95bbfe6dd17b,10.455
ACT_c2a639e8-32b9-44d3-b980-254a84edf838,17.349
ACT_c2cd29e0-c235-403a-b451-2dc7d7135b86,11.33
ACT_c2dddf85-a02f-4c44-9a04-38d1b345ecaa,11.961
ACT_c303772a-4d7f-4852-8870-a3e3de3e1f0e,9.222
ACT_c303d34e-1079-4eef-93ea-3e6bdaab5473,12.345
ACT_c32fc662-538e-40e9-b650-36a6a9006585,4.223
ACT_c35a5066-e4fb-4410-9575-91956e0fc1e0,11.562
ACT_c3cee048-c3fa-4292-9834-a3f5df10a318,13.221
ACT_c3dd617b-f228-45cd-bf66-9ca21c21aa86,3.674
ACT_c41558a3-971a-4577-9c3e-0d22c961a82f,10.397
ACT_c41e5591-4dc7-438d-ac5f-96c511d603a9,10.789
ACT_c45b9df2-11a9-4b6a-85da-16df6f109eab,10.581
ACT_c48be101-6d86-4909-9df5-c7fe0292e7da,5.379
ACT_c4944ca7-22b7-45be-881d-5401b583be1b,12.039
ACT_c4b24bbd-3526-4b2c-91ff-a55c6c821c4f,10.285
ACT_c4dfc0fb-107f-4fe3-b078-3c64486d821d,11.427
ACT_c4f81b0e-b888-4e21-83e2-7590fe37a206,9.643
ACT_c51709f2-a919-470c-8c18-1bbaee3fb894,10.538
ACT_c5565520-af99-4dc4-a763-900caeb0fe59,4.555
ACT_c586604f-d640-4fe9-bd44-c6c7d2dcbfff,5.818
ACT_c60797dd-27da-450f-98dc-1aafbd862765,7.881
ACT_c641d7dc-6421-446f-b567-d9916bb9da57,9.496
ACT_c6615213-b0a1-4e05-a23f-ee4ad5a02228,8.256
ACT_c6b8abc3-efe2-4c7f-94da-8cab9defe4ce,10.573
ACT_c6c0c555-3d01-41f1-91f2-6faf999f3c78,3.7
ACT_c6e8acb9-f18e-4af9-bd28-a718ec1f7d5d,3.331
ACT_c6f3855a-c8cc-4728-a266-e52ce682ce5c,5.175
ACT_c70d245b-75f1-403f-ba65-c3cd3bd8bbce,8.759
ACT_c7159886-d0d8-4362-9e59-aba7589ad257,9.278
ACT_c730c406-de1e-4911-a98b-ce9ae52eed36,11.107
ACT_c73fba06-a76b-4cbf-9850-5d98ccc0db43,11.878
ACT_c7507757-771e-46a0-83ad-8482664e5ebc,14.278
ACT_c7b95d56-ad43-4db8-a9a5-cb780aaa172a,10.027
ACT_c7c0a059-6005-42f1-a80c-9c18454b95cd,5.543
ACT_c7cbdeab-c0d0-410b-b2ee-40e78e9b8b5d,3.485
ACT_c80f30a9-831c-4725-af91-42bac6b3686d,12.354
ACT_c828d988-34b7-4018-b812-62c9445f0f70,9.734
ACT_c82e8a95-1d8c-4c19-813d-0a8b28c43094,10.123
ACT_c84c92c9-df7b-44a1-b740-faaab1c494da,8.278
ACT_c8a85137-9e25-4b28-96f6-d4e4bde27471,4.501
ACT_c8ae25be-da60-4b59-8944-b02129fd0c9a,4.345
ACT_c8c52a55-f7b6-4ede-866f-28c8a5f81813,6.077
ACT_c8e8c4b5-facf-47ad-829f-01f0355e0a7e,14.355
ACT_c8f155cc-61bc-4990-ac24-3916af2b1242,9.141
ACT_c9015407-d060-4d2e-b33e-d8a137deb4d5,2.937
ACT_c9355726-536d-4102-8523-ad19df388742,9.41
ACT_c93f9aaf-978b-4ad3-9625-7a6c659b9e09,12.527
ACT_c943abbc-79b4-49d6-a1ea-5a7c3cfd8e6e,4.577
ACT_c9597a57-c979-452e-95ee-e62ecb6472de,10.063
ACT_c9a46fc1-dd24-4e04-8d13-1380f85b5787,8.431
ACT_ca052c28-a793-4ebb-b079-d2c5f679cc48,10.83
ACT_ca46c79c-0758-4058-8c70-390875e1c4ab,10.599
ACT_ca54759d-f438-406d-89b6-b71b2ed5dac3,5.77
ACT_ca5b499d-f93c-47d5-956b-fabe2abd5732,12.854
ACT_ca5d2165-6c96-40f7-bc71-dcc018d1c67a,7.946
ACT_ca88d173-eeb3-4017-af09-d88766976f07,4.405
ACT_ca8c20a0-ea51-4512-a89f-4c93124a59a4,8.374
ACT_caca489a-cdb8-4bcf-9fd8-024ad9c30dab,8.761
ACT_caee39d0-8140-4d08-a30b-c69a07791901,10.875
ACT_cafba159-6733-4bc4-9a14-9d5b47763d8a,8.298
ACT_cb092bbf-3d60-4f0d-bcc9-b38f537392dd,10.358
ACT_cb1941d5-9b11-40ba-b7d6-5c7928953deb,12.137
ACT_cb2bf6a9-9e76-427f-aeb2-4b7a3032bdd1,10.541
ACT_cb40e21e-8c15-4e38-ace6-f292ef9a2c4e,3.885
ACT_cbe6799b-16de-4a6b-bd58-d59a9ce01744,2.967
ACT_cc156fac-d965-4e51-8ebf-66578e06aef3,21.81
ACT_cce839e4-1f91-4eea-b153-e894bfe820f1,11.787
ACT_ccf270de-6de2-4d1f-9541-a8314658acb2,8.775
ACT_cd527f1d-9043-4deb-81c2-79d414996e34,9.742
ACT_cd5f4ce0-cc05-4c81-ad6c-22638ea5d5d0,2.688
ACT_cd63fa65-afe7-47b8-8643-a685de808962,3.93
ACT_cddd4e58-413c-4cce-968e-ad3815d17b18,8.611
ACT_ce368740-b69e-4664-95ed-1a083b4da1a9,7.652
ACT_ce3fa079-3d83-45a7-b2d9-0449eeabae94,7.159
ACT_ce744cb9-a9a3-4036-b6b2-7f1ed2fab414,8.592
ACT_ceabd89f-1c74-44b6-8951-22078ebcc858,7.261
ACT_ceba8556-155f-4040-ba30-098cc98c1fb2,8.023
ACT_ced425b0-cb9c-44f7-92ed-f41a3fe2da98,11.619
ACT_cf0a718a-b594-4543-8414-04b2b993d06d,8.572
ACT_cf1f8c61-5c9c-447a-8ce8-2c15b0a48fef,12.058
ACT_cf284325-f55d-4700-b4b3-bd1eb48a2c97,10.938
ACT_cf655088-574a-450d-b754-d1c042dc8dfa,11.846
ACT_cf82a75c-8f78-46e8-b04c-2162595fe03a,10.958
ACT_cf939dd4-2b9a-41b8-9c3b-c32186166fe7,6.522
ACT_cf945a85-8458-4200-bc98-e14828703c0a,10.369
ACT_cfc5044a-7c16-4db8-aae3-1961eaf52d8f,11.0
ACT_cffb6a87-726a-42c3-9932-6ffa69267925,8.891
ACT_d052456a-e090-4e1a-9903-7331c38dc6c3,8.128
ACT_d087fab2-f411-445b-9bc6-a3446f056178,11.315
ACT_d0ab4cd5-2a9c-44ec-a615-c0cd14923a43,10.558
ACT_d0cd7dea-a666-429c-920c-d93c7dc269b2,13.122
ACT_d1070205-e601-4086-8300-7b21d905a2d1,8.905
ACT_d1425461-3849-4239-8d2e-e9cbe9d17d13,24.148
ACT_d1b2d375-bab6-498e-845f-b3befcbd8f42,10.562
ACT_d1e0cfc8-59e9-4ec4-ba04-dfea57078c25,7.888
ACT_d232f023-44d9-4d14-8ae9-eada684f04dc,3.821
ACT_d278ac05-0671-44da-ab23-230880423010,12.004
ACT_d383f03c-7f4b-4b3c-a881-8fd9329e2144,11.422
ACT_d3d7fd7c-7ec6-479e-9115-a938c8f067ab,2.546
ACT_d3d9b950-4a7d-49f3-9d6b-cd7b2d7b9337,39.034
ACT_d3e14dac-a240-472f-9292-58915f17fe5d,9.227
ACT_d3e98531-e29d-456c-b6cc-003309ec091e,3.458
ACT_d4249cbb-7d5a-410c-a3e1-0195a93ced0e,4.473
ACT_d471cc31-e28c-4d19-9050-84aa5acedabb,8.001
ACT_d4a2beb0-3ade-414f-a52c-499443f53032,12.026
ACT_d4af8897-ac80-4697-aefc-0041b7cebde7,6.543
ACT_d4e982d5-baa8-4fc3-8497-d695762e1f60,2.867
ACT_d4eb53f9-bd77-489f-8d6b-aab8066a68a5,8.453
ACT_d4f1ab47-193e-4cdd-863e-3b1005da375b,11.896
ACT_d4f6c5fa-0a53-4d09-a84b-a29d442148ed,10.32
ACT_d511c7fb-3c98-483f-a293-cbf7d8affa49,11.705
ACT_d538694b-a279-4790-8f32-94236a205d20,9.898
ACT_d574efd7-581f-40f3-8cd1-79e37234d190,3.299
ACT_d5a0cb49-eba2-4633-aed3-46d69cb343d7,7.271
ACT_d5c75739-5808-4ab8-84aa-da84037bd306,7.124
ACT_d5d35378-0f5b-4033-a4fe-407c890754dd,9.527
ACT_d652f37c-1b70-433e-be60-5e2d2c427f85,9.684
ACT_d689267c-f0af-478d-bb93-f2f066901320,9.565
ACT_d6bb9d89-3c96-4f9e-a255-b528397bbafe,9.216
ACT_d6c26d59-5b80-4f8d-9f45-91881019bb12,8.862
ACT_d6db339f-a86b-4e4e-a606-6d889f05657a,11.509
ACT_d6f2be07-ca1d-43bf-a8fb-33a26031f156,10.136
ACT_d704a632-7685-4f45-87d6-a4078d4893d6,18.797
ACT_d711ed2e-fccb-4363-b2c5-2f9890068557,6.754
ACT_d72a78af-a635-4c7b-a5fd-89258edeec7a,10.372
ACT_d75243ea-f3b2-4330-a62c-b3e919d39b74,3.945
ACT_d75a2fbc-a055-47cd-9f63-5bf832dcd00a,9.282
ACT_d7bfd41a-4a20-4fb7-881b-7835fa34d5dc,8.59
ACT_d7d8b88b-edeb-40b9-bc71-09f9a8175a82,12.063
ACT_d7e96b48-63e7-4b86-8110-c8bd0b0e329f,9.545
ACT_d845204c-aee2-4b17-a51a-add1905b87b4,5.454
ACT_d85ac50c-f046-4e3b-8e6a-4ed69c76da89,11.426
ACT_d85e8800-27c6-442f-a9f9-c901c7b336a0,4.326
ACT_d88d52ab-e6bf-4757-b087-27f51d3bd4e1,14.049
ACT_d8d0494c-7427-4654-91fe-cdb33f95f824,6.328
ACT_d8de668a-7b84-406d-81dd-1c1623f4033d,5.349
ACT_d8e1bebb-88b0-4a90-a4ac-eb84f5d6b180,11.97
ACT_d94a54df-dd60-414c-a6f7-090e986ec677,11.056
ACT_d9500a4b-46bf-4c98-b883-da08f26415e4,7.585
ACT_d95d9938-2e3b-4f65-97aa-793554e21653,12.648
ACT_d9a933f7-5648-4e79-bdaf-b187475bcab0,4.03
ACT_da0cff9a-eca4-444f-9f5f-e9eaa0925595,12.745
ACT_da29a1ef-bdb3-4a56-be8b-f10c4eb7cc19,11.455
ACT_da2af841-0a2e-4548-8555-92ddff10e0c6,4.255
ACT_da55a8fc-304f-42bc-9754-4346c1b62338,5.851
ACT_daaec927-6362-4834-a6ce-ecefbb302318,9.417
ACT_dafbd4d7-f3f1-4e6d-a7e9-239ce5191a6c,9.765
ACT_db5cb44b-b350-4bd8-8720-ac4875408191,2.766
ACT_db653519-54e5-4689-9116-55812dd64ead,11.503
ACT_dbcc1964-19e0-4e22-9b2f-9d6dc044b9f1,9.867
ACT_dc1d08fd-ebfe-4916-9436-02ff895d0306,9.789
ACT_dc296646-d863-4bdb-9d64-d3ead39f5b4e,15.225
ACT_dc758ab7-a7af-4466-9ec0-fce2197940dc,9.547
ACT_dc7610f0-4d2e-4f2a-bf9c-5f0099737aa4,6.071
ACT_dc7dcc52-9387-47e1-9e51-e6e6449491b8,9.236
ACT_dc910951-3feb-40a1-8bf1-6bb832d18656,10.053
ACT_dcab048f-4062-4e78-9b0d-aee505403d3d,3.698
ACT_dcc9db6a-a880-4771-bee3-7cfd37b39f98,10.792
ACT_dcd4e92e-95c7-4fbb-9db8-b6ddb8cccc19,9.182
ACT_dd19948e-ae3c-4150-b7a2-15a603b92efc,9.533
ACT_dd6292a7-57f8-464d-9927-5e824c0f6535,12.954
ACT_dd6dda71-16bd-47d2-bfa8-b9efb53920ed,9.069
ACT_dddc50e7-4fbf-4f79-8c78-d3b6a64bd2dd,3.574
ACT_ddededa8-c2c2-4471-b7e2-147790a5e71b,9.892
ACT_de2af060-4919-4589-8098-036b34f4b94c,10.592
ACT_de376d68-b30e-4f8d-959f-6658e91d9de3,9.221
ACT_de3de8f5-64da-4144-bf4c-7d9e11980b28,4.086
ACT_de6aadfd-3269-4bd6-8b7e-bc599f6dcace,3.419
ACT_de6ef724-62b2-47bc-be42-9b16926b2f01,10.099
ACT_deaa6ff7-c488-478e-8696-4a6b611b4c98,15.95
ACT_deb2a238-ad9e-450e-9f64-e67d395806cf,6.65
ACT_df6c20d2-da1e-480c-9370-067d4d8efd84,4.055
ACT_df9faa31-6aac-421f-8aca-3c8981c055fa,6.224
ACT_dfc9dfca-1298-4147-b6de-3025610cb048,10.598
ACT_e0070e99-f106-4110-b5db-5a3831869cca,10.339
ACT_e036d949-5601-43ae-94a2-0736bc155d18,7.075
ACT_e07dd249-8d95-4009-b591-7b703a71d5f8,6.905
ACT_e09aff6c-74f6-4069-b263-9133d2f91667,7.881
ACT_e0b71dd2-a028-4de7-8761-ea840a9c67ff,6.596
ACT_e0bc4974-ba57-4c13-bc86-12d128f49039,8.39
ACT_e0e02cb7-4f14-45e0-bae1-392f806b835b,8.735
ACT_e10999b7-96b2-46e8-b988-5239b08a8cc1,6.459
ACT_e1185c1c-5eb5-4385-964a-fb0f899f4571,8.964
ACT_e13bcfce-269e-4ec3-9e90-587783387f28,7.471
ACT_e13f5448-a6cb-4f04-a0ca-945113e7be7e,3.794
ACT_e2071aa5-fc4a-47fa-a63a-844e9b190679,4.482
ACT_e20d6cdd-d73f-4668-854c-53c910c2dd2a,3.082
ACT_e27083e0-feb0-49b2-8b8d-2678d74462a1,7.705
ACT_e275cd15-272f-47a2-8a3a-2bd2077548a2,11.816
ACT_e2ac68cd-9905-48d6-a452-a15c22cece8b,11.861
ACT_e2cc429e-b046-4498-8ca7-37786d3b3dc7,9.16
ACT_e2ce1e73-b214-4914-8d47-90f41acbd1a9,10.757
ACT_e307c726-5b60-43db-b297-f8a42d76ef9c,4.355
ACT_e33db216-d844-4d75-8b7a-24826220bf9e,4.833
ACT_e33fb9a8-a514-421b-a9a7-c2fdfac97674,9.576
ACT_e358276e-22bd-4d64-94c6-8d55822ce969,10.565
ACT_e3740f08-eac1-449f-8a90-1344e87732c9,7.852
ACT_e381aa2e-b9be-4fa3-a93d-2858cc1f8b67,8.671
ACT_e3bcd4aa-09c7-43b3-b778-30c643a4075d,8.765
ACT_e3c68156-1d90-45f7-8397-2fbc2e967aa6,10.338
ACT_e3ce01e6-83c2-446e-92e2-abf4eb218dd1,6.572
ACT_e3d655b6-7d57-436d-b2f9-9b30b3930ab7,3.992
ACT_e403ac1c-001e-4b65-a48f-79e8b301f317,10.121
ACT_e47b73ff-6414-4d68-b22e-7bd72ddf03e6,10.577
ACT_e5296546-f063-4b10-a190-cc14d3f62d38,8.354
ACT_e53bb6c7-4724-48f0-9b6e-d32b11db20f6,12.452
ACT_e56b3e7b-be78-44ff-afbd-55fd271ee453,9.32
ACT_e583f794-fbe8-4fe0-932e-6a0faaeef47f,9.832
ACT_e5ab7527-ab7a-4e28-964d-5d7aafa0e790,7.516
ACT_e5f5d786-bf94-47e3-a671-8a0693ca2462,8.008
ACT_e61acc85-a222-4621-8410-cf7ffcb832c7,10.527
ACT_e65ffa50-a9e7-4304-ba5a-b41d35a7a7a6,3.292
ACT_e69ad7e1-3f49-439a-8752-2ca9cccde0b5,2.757
ACT_e6ab9fb6-a7e7-4446-bc58-1e9d68e1bbaf,13.551
ACT_e6b408e9-3b0a-45a1-9beb-955f562ef046,8.826
ACT_e71f205d-fc67-44f0-bc96-da796ee07218,10.212
ACT_e739c144-a630-4554-9009-958fd949b1aa,4.014
ACT_e73a20e3-1fc4-4420-a14c-8a723d3c811a,12.724
ACT_e762d607-82d5-4e71-8feb-218f870a23e9,7.536
ACT_e76496fb-17c0-4d06-94e2-8f5b886edf99,4.031
ACT_e785c1bb-e2c7-4ba4-bbfb-125d64e43a17,17.397
ACT_e78cb3d9-dceb-4706-917c-7e860720d90e,11.968
ACT_e79d5356-8b09-43fe-a0d0-c1c0ce0bc61d,10.736
ACT_e7a5e5c8-9d93-48d2-a5c5-6205547b3cb4,6.295
ACT_e7adb50b-2759-4274-bbb3-4257dba900eb,3.622
ACT_e7b82d31-70fe-4ee4-8945-a88f35b0b88c,11.985
ACT_e80d7269-119f-4b6e-bdbc-9728d69ef35d,4.362
ACT_e8102ca8-6fa9-4ef3-812a-7186003efb76,10.846
ACT_e857b9ea-7815-4270-9753-9d4fe468a023,2.997
ACT_e8ea3ed8-48a0-4342-b08b-dce483e2de1c,3.466
ACT_e9423bb2-4ee4-4f5f-aee4-5c8d2bb3e72f,4.256
ACT_e95b2646-cbce-489d-b34e-84c8e336f835,11.261
ACT_e973a533-8def-4ea8-948b-da3a72956ef7,6.19
ACT_e9c585d7-0fbc-4a02-b129-9141d310b816,8.572
ACT_e9d5defd-ac70-47e1-a5bd-aa7dc34a69ee,9.831
ACT_e9df36d9-1ab1-4375-a19e-b3d3872883d5,4.321
ACT_e9eff346-b1bb-4218-9163-8a35354d5b14,12.394
ACT_ea9e2765-3ed1-4889-bdb9-0af3ccda08a5,7.785
ACT_eadd7c4f-ea13-4379-90a2-0f189c5c1747,9.625
ACT_eafafd50-b3fd-4610-99b0-1d77e3009349,8.405
ACT_eb27d4e7-d347-476b-be86-60e1cbedf084,9.187
ACT_eb2c5fcc-d0d0-48c5-922b-7f8ff7579a65,2.972
ACT_eb2d79aa-f5d6-4936-852b-1da90886900b,9.693
ACT_eb9d9e7e-b77b-4019-83e6-544daf7b4fa9,10.276
ACT_ec082af3-df7c-40ef-81fd-0f8f94d00103,4.519
ACT_ec614f76-6237-45ad-ac85-f030a9a55038,10.135
ACT_ec9c9e30-1d39-4f61-96d1-ccb91f8c8595,14.163
ACT_ed3a0a38-ee69-4ad4-a0ea-fa0efd7fed2b,11.755
ACT_ed3d7a01-3b5b-4152-80bb-649cd6c4ade6,13.363
ACT_ed53e060-b789-4a85-bbbc-27939d3cf08d,12.99
ACT_ed803ba0-e924-4a7c-a697-6b7acccff955,6.108
ACT_ed84e659-1ade-44b9-907f-c9ff0162e65e,4.492
ACT_ed9f6c1c-bc26-4b60-b2dc-3d31e75b6048,11.405
ACT_edb0c4e2-8e0f-43d4-807d-7632fe28373f,2.595
ACT_edb21fe5-ece2-4a68-b73d-d48e4d874a7a,4.074
ACT_edf22279-61f2-4330-838a-3c997646637e,9.997
ACT_edf97fb1-9610-474e-bebe-be54cf570119,10.011
ACT_ee3b814c-1de3-442c-857b-ed9d76ca3278,10.961
ACT_ee3bd4a0-876c-466b-85a7-113ffc6ca8d4,6.815
ACT_ee9960bc-e97f-4c70-9673-a490ba0c9621,10.491
ACT_eeb0c4e5-f7bb-4b48-b1f5-e31642c1b47a,9.544
ACT_eec368f2-cf90-4861-b594-6710c86f259e,7.462
ACT_eed2f477-afd8-4a72-95f2-a5013caf2bae,10.685
ACT_eee24058-ed79-440a-b503-960e6e121e0f,3.767
ACT_eef6659c-6058-411e-87c9-037d75a2bd2e,13.271
ACT_eef669b4-db45-4fe5-bd14-0ba7db227092,9.314
ACT_ef0e8467-a2c8-4221-b9f0-a5468be2c0d4,9.84
ACT_ef138008-cd66-4fa8-8e04-b08ddf37be83,2.607
ACT_ef930161-dc89-4a7a-8620-01df1118c882,9.277
ACT_ef974262-7701-47eb-afe3-602e2d4149ea,9.435
ACT_efcd5bcb-84a9-46c6-b079-8af1eff5ace7,4.066
ACT_efd9a3fe-11cb-48b2-b0a2-749510344e6c,4.93
ACT_f02c1579-9f6b-435c-8710-01ecbfdc0ab7,8.875
ACT_f0499369-2855-4b4f-b245-55bba858208f,8.911
ACT_f0717186-712e-452b-859a-8bc5c33c30d7,9.923
ACT_f0a5d47d-a4c7-4345-8cb5-a40db7b0b1d9,11.776
ACT_f0bbe51d-9c46-49e8-86f0-325cef9e67e7,2.583
ACT_f111da7a-9013-4c04-9c23-280f6a01743a,11.738
ACT_f11b583e-cceb-4244-957e-927f10473b6d,9.642
ACT_f1494c63-c4ed-48f2-97d2-dc7bbf90ed7f,10.646
ACT_f1b00a95-0468-4f17-873f-475837f3577f,11.553
ACT_f1cc207e-0e7b-4e70-a37e-2d43440f026c,10.524
ACT_f1cd0f7c-deb2-4dbf-9738-48009ae64bca,10.08
ACT_f1f6fc1d-7ae0-4192-bab6-dfed2365ba6f,8.637
ACT_f232b781-4669-4cf0-a071-a2241b42a0f6,10.509
ACT_f319373c-5985-4c3a-87eb-b224d072d37b,9.675
ACT_f3272b0d-59d5-490e-be67-e8ec45d353b3,8.697
ACT_f34be1bb-5f6a-4fb1-8776-6111ea8c9b89,12.355
ACT_f358940b-500e-4e0e-a654-3813bcc73956,4.816
ACT_f37c51cd-daa9-42f2-90dc-6e11e4af8ddd,3.987
ACT_f3816d49-69fa-4644-88cd-f77cd03dbb93,4.21
ACT_f3838b2e-9b69-4d1f-b17e-935312af5f4e,8.906
ACT_f3b0ef96-a5d9-47ac-9973-ff2a98348a94,6.859
ACT_f3b87c6d-e50d-401b-9dda-b11163fd153b,13.382
ACT_f3c96fe9-c6c2-4723-8e06-60bc8555c9a5,11.348
ACT_f42cef2c-273d-495e-a0cc-fef87f4db6a3,10.554
ACT_f43bc9d8-ddef-4f70-b9e4-36ccf08884a1,7.421
ACT_f44ba82f-db06-4a92-936e-b43f3b345420,8.865
ACT_f4a77ace-0624-4c55-ab97-26cf33c6a16e,11.312
ACT_f4bd3a3c-37e5-4d72-b303-ab9c670facbf,3.768
ACT_f4ccb90c-5a0e-4fe9-886d-f6c39d00eefd,8.812
ACT_f532ac46-057a-48a7-ad9f-e56db73d7a3d,8.38
ACT_f53eb0f3-0f68-48c6-a266-d0ffaf25e067,3.064
ACT_f58ae6b9-0eb5-43a3-967a-94dd785fd782,10.716
ACT_f58e8ad9-a0cb-4d63-909d-d696e0dba0d9,8.165
ACT_f5c9e868-f842-4a50-a7ca-5f4ef442bf38,9.569
ACT_f63bcd23-d546-4d29-bcc3-98c15a1b6856,9.243
ACT_f66b048e-4021-418a-9567-d2a148d0a73c,5.881
ACT_f67267b3-9299-4783-9d58-ac9bf808de81,6.224
ACT_f68fc9cc-0f58-4e44-b4f1-7fd7f04934c6,10.651
ACT_f69e4fd6-72e0-4fab-95ef-5e5a925ce4e4,10.203
ACT_f6b2703f-e6ce-4200-8264-ace1839fa688,4.088
ACT_f6b6092f-100f-457d-b613-329075397e7c,3.505
ACT_f6d3f943-23df-4fdd-ab72-7b19dd91863a,3.65
ACT_f6d45855-4c2a-404d-af47-2a62846a116e,3.764
ACT_f6f2cb0a-6034-47ca-99ca-d985aaf4d24c,9.082
ACT_f718c873-e0f4-45d3-b9e1-94257e846120,10.229
ACT_f7254773-4409-4182-98cf-6b8b3df3b678,10.903
ACT_f730bcd2-4763-42ff-8a58-a2a67eb42bdc,9.568
ACT_f73e45b9-c2ca-436e-a2f3-71794b8e67e0,5.247
ACT_f7dbef86-f7f0-4eee-aed9-24039994b25c,4.258
ACT_f7e6894a-02f5-4fe3-92e6-eecb2d487787,9.458
ACT_f7f1d15c-ea40-4285-8d8f-a8996c6b499d,11.249
ACT_f8155d76-8716-4fb7-be44-4980553eb630,2.916
ACT_f874ce03-856b-4ccf-aad0-ed731daf7436,10.225
ACT_f884c5b0-0360-45b4-a04a-7d4ba7be6fd5,3.601
ACT_f8918b06-e20d-40bb-bd0e-52d8b9c12da8,11.13
ACT_f8dfb600-e216-477b-b4a2-cb4a9f4e153b,5.376
ACT_f8e687ac-8c99-4cc0-91e3-897377c1e908,10.974
ACT_f919624f-9592-47aa-b74d-a21fcfeaaf6f,10.166
ACT_f926572f-23ca-4ce5-ad16-b03982311985,8.472
ACT_f9492889-7fa7-4b22-a87c-56ba7b66fa8a,12.128
ACT_f96ffd0f-de4a-4389-b30b-3f87ab971b48,15.025
ACT_f971ec9a-158d-42e3-aad4-c47a15667478,9.806
ACT_f97e84b6-6d78-4ae2-9cbc-55b81faab10c,9.806
ACT_fa4af013-31bd-49d0-9a10-fbf74a8200c2,9.805
ACT_fa8c0ac4-6e32-46fa-92db-3b6faaa9a0fc,9.142
ACT_fad4e3a5-2ed1-4b04-bf10-1bd2bd76a5d6,11.118
ACT_fb22bc7a-9519-4c28-b642-cb80e15337e1,11.597
ACT_fb570a86-18f9-4af3-8289-fa0831f28feb,3.063
ACT_fb7d6d94-4822-4180-99da-51330acc25a2,10.196
ACT_fb7ec3d5-ba3a-4060-9dd9-96ac8e4330f4,11.754
ACT_fbb83e4b-3f87-4e1c-be47-17d3ac0cb949,3.857
ACT_fbd6ecf9-e791-443c-a7ad-fa64c246c2ad,9.594
ACT_fc3d7f8f-aaf0-42b3-9c0d-e162c0e1f186,11.898
ACT_fcc32602-04ea-468c-b5a7-96922f1b6a65,12.058
ACT_fd1d56ae-ec5f-413b-8d84-4bf2c96cd61a,11.553
ACT_fd296e32-5a08-4b20-bec3-dc3f2e60f08c,11.435
ACT_fd63a3d5-4d6b-4d49-bdf6-e0413fa1e506,4.106
ACT_fd8e346c-701f-4111-8a5d-681dca1ce2f1,3.234
ACT_fdf7a1d1-99e8-461c-bc3b-dd371a6aeadf,14.243
ACT_fe492924-92fb-4ca8-979b-9334525ae6da,10.682
ACT_ff1fc4d2-c05c-4375-b922-a358456b9186,10.546
ACT_ff30518f-818c-41e8-a6fd-8f64dc5e14c0,3.514
ACT_ffb8f83b-5f05-4e21-9757-6369d99c9d76,3.64
ACT_ffd431eb-3ad3-435c-9f16-a09cd0bad61c,3.724
